49089
39636
54411
83968
32449
42705
52690
30919
41475
23142
81802
36132
30675
92055
82090
69660
54157
49907
15504
63195
4336
11467
34372
81076
54215
18641
55528
54449
61970
19664
56807
19905
13867
47405
5901
17804
87647
44002
33853
45146
82087
54705
985
52295
56089
10302
15262
68877
76097
3824
62770
80506
22283
43231
59898
94901
30088
59739
40067
89122
49568
96276
75111
93311
36684
65274
88603
41523
5629
65378
10470
13959
1387
69747
96658
47580
40262
12340
51477
51103
32645
15204
6616
17803
80448
57051
92700
50269
37063
88361
46942
20374
23999
22743
98046
65220
45587
31950
83729
66288
16894
10902
52326
20640
13481
75648
3434
44069
70556
93933
71205
37239
71920
21489
50945
9454
55723
71484
79765
28929
12107
73003
55173
64487
80877
65071
66200
4895
88904
66832
27674
18835
90885
54143
57718
89850
35701
63887
27657
50812
29518
60692
48564
20715
72414
26377
90048
15722
62319
66844
70137
45456
27194
27304
90642
31766
23540
47367
29730
17833
33931
48877
29430
34249
5761
73943
12881
49565
88048
37830
93809
2277
52711
35251
97882
13544
77833
34440
37079
10883
87344
64553
51557
79994
52241
59557
23838
60714
77928
98883
72686
68837
15750
70205
95630
49874
22371
61029
74576
60895
48484
70521
16211
50924
5804
88714
60919
13115
26308
62076
7550
62407
49347
84380
73415
1277
52515
66867
26473
27429
11513
74391
21926
84778
79924
19543
47355
45987
12227
95491
4984
97266
39047
68117
1811
15360
5999
8860
83719
44761
57454
68686
52001
66635
37526
55772
51989
54173
155
84618
20393
71332
24830
81364
72968
73412
46752
39871
98124
61685
25090
60688
22480
72308
42382
78878
63110
80742
6588
73963
41240
63951
62195
46074
31458
71929
34297
636
52587
83253
65069
24949
80925
94516
79007
24609
50651
7910
45341
46911
65350
22923
8008
23705
6670
30112
28982
37673
79036
55701
32351
52878
54038
58449
5061
85949
6373
8679
10152
75891
68549
74378
3913
81419
24663
54414
89848
27035
907
59719
199
72647
50471
32156
17706
5683
12840
74715
46911
43842
94808
36888
24615
42270
75041
78251
99807
10921
24658
13420
18378
26031
36262
21887
86156
46596
50205
81168
8561
27945
11964
25730
74323
28290
56075
6095
23120
55160
62007
3698
56205
52038
87926
41634
49832
58407
35017
5884
41732
21067
24404
86828
32322
77451
47753
67678
20398
66043
61708
92259
68181
54504
65073
14188
35382
78169
7448
30014
4712
4536
33843
19467
54835
81202
32295
36026
81919
36607
43295
37129
85102
18548
45988
56169
24138
93741
74798
5762
3135
10057
60523
21661
84902
9620
1293
1196
97908
64117
14691
55193
47622
16016
72463
35338
58207
95925
14309
42043
28198
62727
93912
81176
37843
25790
68168
87426
77736
60172
69658
92216
22278
42623
88378
86702
88019
81356
3939
19914
2450
72447
18441
70025
49841
81437
29081
55908
52791
60543
34409
51902
57815
970
82094
66662
96176
30120
99864
33002
58832
56956
79954
41775
32204
29323
19945
51540
67754
18650
71549
3575
70887
64041
99610
75879
11785
31869
16321
22669
29075
25926
52407
40118
83395
88105
19038
75837
88823
12898
72811
73171
32257
55291
45399
79440
341
61492
29307
51091
4297
49274
6765
51764
41256
99175
71977
26146
19579
48104
78300
35075
43143
90577
79444
25909
86481
82346
52746
35921
77677
12429
29439
28646
92930
67179
13852
52319
11827
42428
72113
36957
34895
43781
71977
28700
89900
58377
45604
22831
90635
63802
23684
27581
64937
86604
33422
6463
46405
23850
60125
24661
73422
77712
77228
53309
50418
87965
33951
44472
87438
800
24597
35609
83735
21112
71203
22928
24112
99702
73379
22287
85897
31134
23038
53641
49119
52446
56927
99086
3824
13864
4573
89774
78290
62794
43410
3147
59585
69330
60401
39131
91324
90842
31238
81551
54197
502
55349
10354
12829
95017
24751
3058
46202
41460
87848
13592
89557
69135
31192
92887
82673
13670
10345
31513
32604
36289
92476
75386
62410
16438
46995
16880
51853
1283
9972
86879
72212
23864
53998
46282
74837
73821
62023
89277
46153
6236
99205
90711
81527
11728
8208
89393
47749
64636
91445
84304
78719
99978
39337
86680
333
39797
97794
41892
9974
5913
38637
49579
45603
83129
3939
44969
60667
89795
16343
98641
49308
18045
57298
4762
60168
47652
39230
60464
71226
84673
54485
41170
34666
47067
79874
32691
71261
21783
73691
42303
21145
60556
73010
61633
6501
77355
7119
93240
53286
76628
74249
57611
97240
83954
16710
1434
21546
37295
96508
42961
3398
94409
64365
62412
90776
75702
35457
25222
53642
61406
1895
18042
69679
81951
58198
93564
72663
59644
50086
81942
78348
66758
79413
4963
62331
50907
83048
24135
64791
3616
2887
40964
15179
78513
48843
43681
32179
92931
15052
12956
22836
15437
21158
55149
54225
18989
27918
17549
64456
41302
23419
54063
25915
26802
62285
36563
77214
24579
86939
41269
29358
28552
97154
25328
8664
79294
61689
60306
90275
68772
20308
45110
45425
63487
79045
88093
47115
59350
47360
48480
80865
86851
62931
52219
77213
77063
94922
8149
52128
14499
46912
34524
30418
95016
14850
98432
21522
37424
93957
68383
81490
35826
39503
6589
1880
32729
34705
83569
158
65265
6195
43372
78864
55715
87432
39903
56881
78003
75250
3832
21566
90792
58502
29035
53667
86838
35291
39479
27646
28618
27016
73653
15664
19343
62268
94067
87315
51181
60531
60347
86239
11891
19013
47646
37634
29041
92389
54625
84201
55255
9117
11776
75112
6505
83705
2974
42664
29196
41449
34459
30317
38479
62256
29015
72854
89273
54720
80626
82743
90249
4860
92496
3573
31295
8816
65222
63781
94357
866
54643
43132
61331
17305
25975
48048
4507
90456
93080
69499
55507
45579
88608
98974
60774
52197
75697
63881
35541
9999
87185
63851
58499
28799
82436
83003
92082
83939
2067
35796
3634
39102
25364
81929
17017
22617
43171
62312
63934
75266
18196
47232
67931
46344
48277
35278
10889
24899
25442
66060
40976
61891
85840
37871
33909
30657
86116
36826
15072
59490
59875
52866
53294
18696
73717
9268
2877
42977
89158
85368
14502
18928
92496
46579
69542
13076
13235
3229
27443
41394
98970
30051
52438
58878
80247
97441
50645
942
23021
66420
11920
64841
58779
70973
57190
52209
79526
49117
67891
18065
73889
67643
56221
88464
71082
62391
1652
78553
74491
99911
2714
36896
91837
29498
82325
51570
91240
30249
68409
49745
96958
45993
85448
48516
12869
99116
7012
26966
99088
2250
48972
69349
72874
20858
32703
85910
69905
11123
98540
58568
56324
32285
60361
90266
1383
53844
96548
48638
25048
3850
71736
22070
29706
76816
84740
48762
94047
56265
34561
52374
22312
1336
81657
79600
68572
3653
43283
41448
49452
20431
56826
50739
12322
25889
27362
98264
67485
1020
51255
52495
23366
66848
36256
35094
82689
70110
79590
7020
10782
86034
31644
96963
77118
20080
45682
99935
11657
97977
19128
7930
72099
16144
37852
29046
82727
95084
82365
43942
87158
40388
59915
32640
2514
7564
12023
22211
99056
23167
77257
37059
7500
22088
87107
56238
73034
27072
58136
52315
73990
53039
57831
15787
46562
76663
7754
47967
21523
42738
32520
43558
269
21260
26447
68146
83373
63065
57591
28846
67674
6068
87175
35554
99268
93308
29856
35427
54198
9075
79
81375
21717
72638
61313
75453
96828
19084
89857
45935
15390
76450
57371
97296
98569
64546
73220
92590
15983
64090
77354
34852
89355
5814
72473
19250
50106
8972
64439
12459
3600
81985
43599
30698
73342
89361
7776
59832
91526
12915
93287
3586
68200
28240
14586
88891
98558
24390
46538
10011
71623
23761
31276
37186
40708
48998
12292
53186
5524
84878
51597
25848
46593
50744
98473
14923
45890
51290
65822
44251
37790
98139
427
73866
91028
9929
78711
98832
82366
33015
16483
96340
85872
37423
16342
40523
62304
29962
52561
61006
2687
59071
25450
69448
18672
27450
10022
65256
32416
6721
66603
63220
27783
97912
24550
20972
61318
36302
29414
69795
44127
24821
64111
14334
36952
4148
45387
79977
41270
44866
83822
24336
33599
64195
46001
80704
37684
91326
25527
30269
42070
539
85317
50047
10711
97955
53603
22588
13541
61488
99530
74880
97724
51670
39724
97389
62215
55241
40752
18531
51347
4813
5555
70024
64363
11461
32269
28915
38783
9122
60228
63491
88253
16772
53118
28235
47593
68971
55962
30393
38409
89755
93695
63541
98641
91245
52951
60353
36469
99528
27937
81810
74766
43845
90074
3649
85290
13085
24563
6428
49513
65884
52774
24375
96806
16093
66076
71827
65717
75312
80418
89452
21491
46291
61025
34235
2645
22685
87595
74330
95406
61388
96892
94586
13614
34560
67824
40622
28329
37991
53120
35828
44595
54191
3030
14965
44600
95112
34399
27017
1448
76338
75657
13202
20921
43559
45204
94975
83284
12287
12370
32357
53712
99030
51787
21097
58408
78528
40347
4075
15589
46424
36195
51382
17249
1866
34225
45600
7970
53573
82742
81297
36197
75383
40695
53440
69008
30994
46369
37524
36425
12438
75994
95614
51633
80787
93606
34981
99138
96394
87019
91517
96100
76430
6764
36950
83693
75401
47729
55367
76629
32350
70291
22575
19328
12193
95149
3733
31586
78945
48343
34065
65929
56608
36375
90004
61574
25290
76394
82691
21336
83901
1421
2064
56420
11718
27011
70021
25261
36886
1777
23101
28070
77980
30038
58908
51435
20776
40463
82180
38752
40486
58802
60469
67448
83434
24515
82173
94984
25517
38426
40895
18454
40450
18829
35226
29514
50068
63013
29666
42215
81999
810
5496
97348
56954
13329
49941
23708
70218
15098
77879
43597
33159
33490
99631
9586
42201
33144
53072
69202
85721
3749
69360
3591
37935
12139
31631
69027
21403
80393
70254
21481
61322
82318
78471
97810
62685
9607
99153
15033
99716
30947
92592
50213
57713
59952
46570
72577
77675
15880
16688
45063
17337
37242
45861
81135
41739
78579
66085
43994
17620
14543
52743
80767
49338
63083
45530
23545
16270
99668
25694
36710
84357
24178
15588
94710
5667
60886
54920
3669
51582
86717
58726
58769
58019
52809
30430
88277
45366
63130
40792
43191
50818
59952
97812
5749
61125
61148
10181
55143
54999
32429
73861
81400
92453
64119
51113
40228
43312
5199
50085
18000
61699
26710
18207
98734
97630
88459
66644
93256
5335
40988
92297
57581
73558
88476
73530
74830
85199
515
53690
84177
92774
34050
44768
90937
78781
91791
35906
20700
52011
73705
56372
97956
41535
3529
32294
98126
47065
81228
44709
25495
56603
74401
42028
2417
8955
42549
3907
74130
47373
92284
12643
10483
7978
9800
40043
46581
26187
92706
72543
9282
94603
90276
10168
84272
59738
11729
64595
87593
73691
12963
88718
97229
54518
98187
69620
45609
91389
73879
69418
45788
82001
40879
89182
44230
6818
48746
64134
22539
83044
95713
88809
83080
36503
24781
62265
79440
66674
94067
18520
20884
29549
60392
52917
80167
29445
9079
34551
3551
24378
70709
66416
39995
90815
70924
12038
95446
2749
84430
40661
49096
83923
19583
13441
74930
20659
54058
42844
95030
53522
64671
99429
27337
5267
37512
17078
34245
16502
72306
48554
19270
63972
54522
47147
11025
64097
22024
98327
28115
50857
72959
98719
2844
24918
56965
28611
83120
57258
95431
98695
12986
27327
30858
58457
74865
84111
82675
57714
73247
62098
37884
51340
46411
18257
62508
51577
48730
94281
87759
52288
80440
35949
1331
67903
99284
56784
69294
55122
94578
5404
44426
57721
63617
43758
33391
60805
40860
24173
93309
2396
20544
52933
27020
14486
14059
57682
35842
42306
41017
22416
76434
62167
53107
33313
41065
21711
74230
21224
1487
23324
62351
84606
35053
28616
30972
14349
59801
76506
8220
39538
92357
40627
14217
62378
75571
49146
5949
36726
13938
53162
71358
71398
92306
55660
31341
62114
42067
30791
80759
215
24062
1823
45867
40742
48833
23541
98424
62101
80264
2074
35577
66304
38867
5674
9758
96737
35236
31971
68514
35335
67524
93153
11825
75440
88671
2408
67541
70642
46590
56500
20962
6606
834
80949
79872
95642
54007
662
81063
87190
34766
36674
8112
94225
79417
12485
37557
62125
63370
64248
2421
41428
19960
93340
11384
19374
60209
6691
93128
99031
57826
49581
78136
67043
97446
96151
72425
4224
24265
82877
19886
79980
2000
63655
21094
83693
62114
74094
71630
1091
4120
89368
41721
46241
11382
14129
57267
63637
99404
34064
40067
76164
32354
34793
7318
35086
30744
74972
62152
38515
23639
80481
59255
49747
79712
94089
24120
82956
24747
38302
19846
5299
50596
74108
10936
76711
62606
69553
46515
68606
12582
53338
86323
40777
59339
29201
70847
38752
38641
39262
44237
44765
34768
57011
35878
90820
88789
91314
8931
51951
55254
24438
33905
30487
61028
77748
5905
9978
81097
87887
29027
26471
83594
27626
91958
5542
54953
58409
99839
46121
14257
82037
65899
53782
17420
47269
51277
68179
49026
14802
80128
52498
12048
51814
83697
85961
10504
7124
13942
13778
95889
19653
74090
33993
83192
83589
96002
79637
94120
36214
38723
87249
17237
41322
84858
1441
78277
26125
66945
74604
99405
59294
8402
87046
30757
93567
650
14088
57998
40834
49480
535
96698
73743
88346
35714
52528
89354
65284
47931
43258
96937
3859
22
21168
29948
89790
72730
27593
15121
83477
53341
99639
34317
93825
10289
69818
5879
92961
3146
27488
82821
97818
32236
71049
18981
27889
55726
35911
40687
43887
49377
62591
11415
90551
12771
58645
36948
15459
74872
95472
10215
84809
65367
27482
16461
60418
69638
81696
67947
80287
14852
43656
52952
27799
76379
94904
19348
48789
90614
39081
51895
84499
25026
34085
15649
98395
81064
173
85412
77313
33093
87996
85606
71639
8904
42799
41040
73166
35758
95546
64220
48803
80669
17312
10625
9337
24814
58799
28492
26015
37466
74303
64639
66440
38314
66583
3268
61849
54390
93346
69866
34120
58321
23381
19450
89287
16402
9816
12914
43475
20451
87488
8936
49624
86449
62241
97672
34358
18191
519
17826
29671
39725
46900
11441
6454
19400
22508
80336
29776
59903
7211
27366
12857
6846
93278
69629
57154
50314
82117
39316
38550
45160
75355
96839
32157
67930
37903
25978
95762
86275
59047
81143
4785
60321
20043
61408
37921
77805
84381
84884
91908
61774
56592
59683
60860
78540
46423
34004
94266
90225
5606
45850
85436
90870
28516
77663
63876
86533
38841
22663
38774
76413
34767
12636
96869
64115
99662
57763
94516
90610
48669
83960
14628
44389
55857
64966
39496
35256
6869
26342
69258
79739
13693
79907
35838
75309
91300
1448
27277
6601
57516
94309
97140
55282
51699
92402
20649
79236
29844
90067
41553
17455
49509
66388
40355
18581
43348
59782
76993
21429
39217
52564
86050
63685
74434
90940
27196
80039
1828
27091
5730
81519
68779
73333
68684
3210
3460
50911
5628
42708
85044
85791
81872
88917
91399
76584
91112
69313
21808
72570
34759
54653
14785
50929
81875
11870
8341
9471
52137
26658
56603
92371
23481
94697
28893
28404
70597
22682
64418
86594
63834
41269
76694
28915
53562
66872
41895
35063
95199
78475
20433
9329
64290
76066
74051
54119
42783
75275
89475
62163
14906
78811
92646
72087
4030
66326
71618
44830
33552
86492
85352
29925
36718
30848
40867
22554
98941
94090
332
20323
87438
75433
45691
60189
85787
61292
13778
11367
1905
45886
9262
61687
31351
45949
17930
55557
8961
58349
66958
32814
67396
28175
88483
41727
37643
78712
79001
37999
2873
70211
81209
89188
56529
52145
11118
75306
62937
62609
46455
49675
93141
47989
38275
12520
28130
88412
51872
26346
84886
52685
51865
34686
13016
36846
36972
73814
15822
47205
95895
75319
3384
19150
89073
55108
48793
72657
20131
80076
20199
20374
46867
60036
40612
56753
15486
26420
88838
24935
59446
62205
45786
7220
18291
24513
86704
25470
36085
76151
57125
60580
27335
45290
2526
1787
8441
46322
72495
24466
92741
93118
13499
334
4275
35212
92587
83073
77926
5765
27045
72569
32939
67358
15572
51748
84543
63604
93610
76295
31435
96728
43224
87308
62140
2383
45335
64807
32195
84257
19714
63750
48290
45081
35185
83453
12681
44845
78145
48808
39015
13439
87228
34693
86075
21039
19009
54722
42549
63502
85742
32724
61233
53210
51364
10874
24836
80477
25578
38514
48694
34896
71948
87831
72958
78703
26203
39147
50692
37167
85835
942
26466
41784
53228
13847
7995
58976
96052
60257
69634
98930
13153
2311
8697
99599
54220
60418
84150
70380
16893
89569
29084
95931
56848
30407
66602
86329
70437
36246
10468
94856
88224
51518
16485
32513
65626
29976
38721
50180
36551
87156
4337
15740
11005
97723
38053
58919
68015
80319
42888
65275
90234
42628
19148
12371
82775
17969
62933
17710
16444
85305
40147
23811
11368
25023
57039
75038
3701
23463
92970
60480
5864
98737
28883
81712
27807
10643
43639
69551
83290
78337
90183
97086
37757
31628
61104
82265
17850
74723
64215
20593
14407
1261
35929
13345
94361
48436
41457
83005
69033
36361
32727
41089
46113
91508
54228
6279
23360
42098
32526
72867
93777
86320
27957
69495
77115
86973
77174
40272
49529
99370
54151
97906
39461
64206
54294
20610
71839
11335
3807
22471
77502
22372
46881
24580
11427
40098
69468
29759
84839
67990
96667
36916
38633
14803
6783
32649
56079
85450
54374
12517
26079
60138
71215
18775
98574
36660
66606
41824
38709
83025
80681
61812
26699
95219
86889
78029
85448
99512
9845
14994
95566
762
72158
3762
58412
59097
93093
7665
46333
18685
33768
20001
12849
18636
33376
55615
22282
70104
99199
79597
11674
63222
36020
14477
25424
68611
75983
13187
27524
12241
25901
85026
24154
70952
80879
87903
80671
19100
92861
53219
95347
38033
46943
25729
68339
69635
38084
11668
46273
76438
13956
94756
17802
58606
96495
23671
96845
75937
468
70609
88165
7905
44438
98310
56065
1144
42515
98412
45020
16983
36578
82012
14640
35381
54493
1295
12919
76996
55631
65550
6525
78385
48526
21079
32986
54168
24771
1750
96991
34705
71895
39031
47559
97634
25668
79728
75341
80887
45681
1350
34715
75270
63435
20708
72685
10480
70877
79943
46618
91627
79094
79659
74378
16689
66618
44609
34410
30853
35446
54315
45139
37304
72677
12114
7531
31568
8124
79331
55202
35098
33745
59892
8804
84390
24036
40525
84196
10381
90218
60337
85175
3410
89369
91714
39852
77684
47344
17142
74414
36108
46155
24510
82520
73253
53049
17385
34340
87196
73052
6976
9666
6640
30043
39459
806
30415
92787
99167
6127
35249
55560
97554
45141
76525
70543
77490
37800
49837
42247
55948
8230
15022
98984
24619
8905
86003
27468
13279
25599
9895
3821
26380
98461
35009
15389
10139
55360
7787
50252
12272
56487
71614
95521
96575
6914
55953
86115
88784
93875
68315
25696
28918
88619
78812
25103
61351
3715
59685
17020
32140
85338
66160
80447
79889
80196
92164
7435
65678
67081
33229
76724
27381
46538
50024
30038
17150
88532
67941
51329
3745
73469
55908
32853
79024
40435
75891
63489
25864
4386
76103
6230
46294
10556
42748
27031
74279
92710
98465
7036
34256
52897
88281
1958
76844
17048
88755
97866
60298
32425
12194
93829
57218
20253
41862
8828
58012
56695
49667
57209
293
6334
60495
93388
85677
63973
71417
23449
14297
59425
33601
50090
16050
39032
66964
75718
58422
16777
85685
43201
658
66800
24867
76132
19077
72490
91009
73410
81100
90337
43576
39658
55656
29829
1388
25653
16481
25067
75847
28344
95429
99387
96274
20804
52966
35482
8954
63852
43944
26316
44436
6740
91227
11624
24966
55008
34153
79869
87688
65315
86949
4293
93098
16319
97131
8950
32494
28546
77684
43625
74398
23124
31093
81773
71888
66432
89357
90912
96511
57064
89195
65084
14745
97327
51772
85396
1861
33439
66832
40152
88032
24243
47478
96350
12179
39867
93096
13469
67107
76183
60224
27710
1088
12679
72412
6283
39625
77320
87882
29281
76916
42482
51121
35205
23758
66684
99436
11006
27450
55202
83160
47290
8877
60687
91459
73219
8043
869
65856
30841
10215
47615
88652
98192
56243
65249
36554
43110
1201
77700
96547
81959
1846
56136
57959
66567
49526
80984
42675
17842
23363
76976
82902
57284
87419
61831
52305
74343
20006
80966
51930
55980
94330
12739
24593
85962
30227
4115
1740
2685
95255
39616
94027
77150
1596
88703
49251
89146
20776
58061
52573
38643
4316
13295
76068
14881
70277
45571
94484
39944
96102
21924
14325
45423
14052
58789
101
64891
8293
97079
51982
15983
66399
72776
46607
4147
71081
99804
91454
11328
9326
27812
84680
54350
96032
40775
83518
85219
87822
11732
19897
28166
47216
61438
67796
76292
47258
4954
54279
55158
83039
62441
15101
40612
42405
40337
13834
40628
7464
3362
25147
63855
67864
58453
4123
65910
35910
10127
32636
837
88744
19199
28506
1258
14593
8822
5066
65847
17180
27574
64953
88111
38056
50340
9155
65930
56678
42627
63153
6116
49392
51499
44109
80697
31580
24030
82626
42288
68664
12345
36445
67323
12447
56581
26493
65248
20953
86559
37623
84486
17850
71055
11199
23683
51718
88207
58169
12991
9761
1237
1096
86981
14688
6685
94543
53672
89491
14696
82265
65931
5561
11683
3776
31929
68873
36263
76329
81525
61245
69494
36883
43706
87971
53435
66938
20209
42116
39948
86406
84575
17483
77866
53431
7757
25768
64464
55076
33219
47493
85315
32845
31311
96545
49876
98544
84338
13588
24575
49835
32618
53381
16451
2207
61529
10203
64569
57137
16639
28010
72111
31538
92121
43537
31560
72417
8920
80680
57012
85678
33715
69446
28598
64965
15910
81998
86547
73538
86759
5439
77385
75094
90726
77088
81168
77476
18554
41989
81966
96058
82841
9057
62627
5497
66188
75805
41988
98186
7686
73554
5836
98175
36743
77971
81899
29770
54239
31061
12444
86475
40645
88270
36467
59917
39403
78658
4901
83495
48767
63433
81244
11839
70955
11914
75226
96696
35429
91159
58173
92295
79033
5588
91342
21750
54284
3030
19718
79205
72844
51967
62452
3057
69703
56503
84873
37717
38427
5352
37745
26509
19368
13312
85009
58612
58302
72610
68040
44477
37049
65878
70457
53026
17243
19810
46574
57900
64458
84199
87399
65724
62794
7860
71334
69191
47399
12037
21906
89630
41211
51552
61720
43343
59483
15671
30213
17527
87510
88607
17827
3180
28134
53329
86993
15912
99207
63963
13435
17271
67557
84557
67563
8300
97979
38943
76125
80901
26129
44188
81882
2711
62818
54448
73457
4257
55775
92762
3804
30618
9787
4132
62099
54342
41021
93436
51411
76267
17180
67232
3011
99460
80776
18274
37795
62450
23412
69858
22683
90307
68145
18510
6035
84621
38306
43829
41912
68603
25212
86790
93808
68260
72608
74560
96312
86492
75268
85730
91932
77966
40368
51431
35124
49291
32695
94532
80135
20092
319
20035
82286
4483
96885
37384
67430
20431
64799
56956
89481
83131
55731
56840
74668
998
58268
21048
83991
28427
81163
42220
46064
46940
34016
63742
83078
62536
97663
94951
15691
46128
16139
43100
10456
16099
5064
34134
87488
23061
13419
89257
10970
18162
29425
28696
1389
27978
95418
14282
22910
37317
77895
15804
73075
3928
9203
20238
63680
35155
50512
95034
87200
25250
53644
97769
94991
18387
60588
4609
97202
4399
10333
91026
86239
17469
71061
50292
28324
52023
58674
95915
60227
40089
66903
62480
21119
77196
69777
86465
3819
99992
49183
3739
17826
71562
74764
5715
93641
89942
31206
58449
43200
33968
51623
44961
62589
5054
67436
23091
97973
39945
37508
43031
85679
18356
64548
49392
52204
42453
25277
24692
79726
99175
35687
38087
43921
49018
48543
73981
17659
43326
97617
53805
22671
46707
94064
56269
12680
60717
91144
83134
25548
19818
30079
13986
57033
25892
54611
5473
82717
81648
40219
91554
53880
15046
62308
58376
29381
13610
82818
64963
49076
1866
43995
48556
25104
94259
70407
40916
10449
33597
76972
6898
10066
94396
70448
56388
35524
58420
75791
15905
38585
89232
47498
86424
53983
5124
87525
65722
96559
52021
90527
39719
69885
67825
37975
85581
92358
61553
37310
21609
36135
17985
95893
81991
84055
27637
20159
92497
96358
25483
52949
3987
79208
35652
3555
99153
88053
6550
64761
65086
23383
52928
11765
79063
86209
67508
91089
90182
46520
27757
23877
60490
53237
75909
29483
11747
36124
83875
41619
21138
83832
87047
35632
47555
51418
17731
53
14461
89395
7637
78649
8646
51373
95927
14650
27627
21796
43865
90035
12026
31048
22044
7541
80327
88249
61313
29027
42413
16704
94135
25530
74159
36316
56434
359
36130
44223
95185
43468
63772
30275
68521
90024
83147
5423
14151
4206
77165
71288
26658
15133
80767
84189
32352
49005
56095
71210
37056
80989
803
5775
68208
36833
74508
74533
19780
64916
33064
25043
99320
70604
28691
45169
78778
82147
16546
14517
37258
24114
66956
25467
58318
61559
53230
83272
80408
64589
67251
88930
67205
16156
89584
53139
63204
27375
9207
80180
72462
79255
99192
73663
67798
32394
72197
16199
56485
60971
87041
40391
37714
32639
51634
35316
99304
89691
95872
30234
44043
33071
99406
5523
36205
56929
97739
24880
16011
8751
28583
81227
38303
67611
52568
26366
41651
70337
21024
99612
44864
87466
26011
41445
58123
18325
17082
63213
21749
96232
10160
74183
38531
96496
55544
28385
69634
78690
56751
18144
81285
62306
70099
78326
67504
54715
76101
46984
90623
7846
66302
19572
87552
21925
55761
85770
73323
80351
88725
96590
4674
72046
94019
44545
11074
58060
37636
50624
48969
66799
68034
71499
2688
69796
30159
13633
77124
59289
80859
48008
46096
45764
88897
53252
12648
81343
58427
32227
30168
85758
63921
58565
7744
15185
90896
31332
74058
99436
74424
32658
7007
35448
70896
27515
30566
79565
48816
55379
76475
89157
6748
57238
77554
59246
97767
28878
64033
49677
90532
34316
59091
13735
6543
31631
80043
18877
56509
59277
67635
51618
75166
87763
89488
57937
40101
32824
7056
4838
6492
13148
99667
40558
52775
14259
16236
16689
35148
20450
25439
63711
81867
62075
97209
67469
97163
13366
22056
27187
77757
3558
29922
90687
71414
36013
20265
79597
38624
31096
87874
43253
97918
60330
48677
98476
72947
83034
63684
84891
53218
73582
58861
49965
45544
67891
43025
89309
69428
77215
15773
66468
81195
69022
6304
88891
75820
56057
25536
51202
26096
58571
54367
24438
85719
94666
28035
83738
11706
86150
13945
19658
1134
95290
18829
94507
11085
78158
89053
38270
5261
40895
56661
63466
82710
13176
17102
34922
90031
75740
9599
83076
57996
30160
84805
11509
77297
96595
20047
88849
71417
67254
38359
53889
94866
31412
32908
34879
16887
92353
90414
56931
89926
46298
3912
61217
49272
56103
70028
19714
73181
62003
46428
79050
36509
97635
58471
30476
30110
18358
55748
5068
72415
7702
94159
63116
44660
98745
80000
63670
95336
77256
24544
41106
45901
78735
58159
90093
66409
84379
77200
34131
79328
54080
43676
34105
61858
17554
92039
2432
76033
93471
65506
51408
24645
95805
27353
64835
52098
22654
15247
33155
71892
57725
94504
2522
69013
49337
68528
9538
57512
57617
43610
18883
46000
87173
58255
28117
69998
32041
16659
67158
76875
93734
38822
87212
98589
30787
36764
92081
89059
99853
89705
55217
46377
63232
45827
92983
14941
77616
99746
53703
31520
66708
88534
94734
99036
68736
81475
74964
62003
60133
54637
80358
95276
50615
34618
88356
6126
15492
97577
7932
13675
84129
63350
74477
25893
93274
25114
85790
69086
87633
19365
74973
49479
22241
99130
56093
55821
14860
56289
49042
21140
68820
57050
54596
11719
25267
30433
16743
41138
83532
4652
17391
6517
95604
25601
8786
86409
32655
98971
95930
31840
87734
13592
68410
50809
62872
48078
65210
62452
86786
6371
91772
97626
76470
75374
85721
27763
26886
25718
47139
60763
82810
55303
87413
81745
63738
98850
91708
71398
89313
48854
8330
44084
87165
31195
547
43996
141
88993
88471
65588
64805
17000
50848
85220
48822
88076
98740
82829
6863
36182
13029
82803
86753
40522
7522
26390
4749
35923
84628
33136
99447
83232
37635
63232
47664
47111
67977
51511
13566
27953
52586
40305
93217
56996
65321
60652
52176
71180
48514
66479
12867
86420
63568
90044
96513
30560
8816
88805
61094
82280
89078
82085
65468
60914
71301
37509
57722
9540
33811
33620
48027
72839
73835
71488
26892
84542
11572
70770
32593
93497
86953
81196
67626
81834
77475
98671
20466
5172
97868
71575
87766
33092
71496
56051
97233
51169
7619
94877
97320
23152
52858
53295
69600
87480
46514
32315
59196
68571
49834
55711
41528
26463
58207
16168
17246
53871
99265
9615
34342
27156
10681
31203
39291
25906
51639
46105
15185
20072
88429
46172
16557
29464
63303
25309
59500
94293
80723
20525
43666
22268
43889
43741
80066
35766
97118
54941
14660
23779
97035
60208
68242
50538
36886
13689
76036
71615
69569
39163
64030
10833
79427
57662
16645
40043
76951
79415
98022
53291
34721
19591
54605
37611
83474
13465
12541
78955
25607
21934
20994
42668
56463
13162
34037
66270
71432
10546
64635
52728
70154
34306
84732
66631
82177
65998
9730
225
17387
29889
62520
59728
10389
31307
723
64617
87506
13512
93654
72305
87127
58465
3807
64405
73443
28405
72146
47436
138
84326
52921
66587
29543
52868
40067
26973
21494
99767
8382
7990
13268
17718
3817
51554
37784
64696
3469
57863
3821
64993
39583
54732
52208
77202
13492
62330
86384
98881
20724
78811
84566
26755
52720
14551
77578
7635
44592
96796
67491
22304
5591
98280
19963
256
78494
41029
70858
15873
16096
36147
26928
75642
68142
99435
4405
24138
60181
71833
12422
48499
51339
6266
49854
87739
64223
83003
67537
54409
67179
5995
31797
9783
15818
50276
448
54114
63187
84031
84220
90514
95779
84918
11513
81754
34623
40697
43032
97513
189
30576
10930
27303
64467
52782
92346
902
62130
59398
48053
3437
16701
70798
23480
52661
66890
23377
63484
8325
53330
19098
81399
11039
83633
50429
34150
20152
79450
50689
8232
82730
12621
98673
37028
88279
65125
837
1610
57791
88393
54782
58132
14732
78600
25323
33451
11514
54725
47793
27215
59806
57843
86657
40360
63069
31049
69391
66041
53603
70636
88842
93752
59506
90177
39694
64437
78188
46888
4565
7853
37689
47537
82117
35553
14879
62779
93267
41253
86463
32074
31897
87085
81162
87267
38769
45684
19511
56302
62018
16331
88644
52523
28406
5465
38972
67329
22280
95059
3858
30197
15739
27589
57688
97882
31358
85821
36695
70056
4189
83543
97142
81411
48670
54618
7468
22572
12516
1216
22907
91698
22772
31777
17066
61270
83490
36500
20928
44070
95018
38409
36738
61704
30107
28091
76747
37938
46961
47581
68554
80048
20125
23333
5512
33763
24360
61377
35472
65456
48480
49451
67778
6804
76191
37246
15150
94985
90464
37414
72517
46958
32064
93518
57617
96196
32208
14133
39018
89248
59350
21883
68658
50929
14250
21338
16973
41684
81280
62568
84192
98729
38260
6181
84149
548
99113
82335
67325
82219
24674
56833
26544
76427
62482
14747
63610
51050
78389
66520
67281
1238
24507
11025
47260
39740
5683
47796
57575
46412
47019
25951
74116
35109
35019
76336
44898
64393
51995
30318
57341
40806
86141
22823
26592
13458
6032
42534
87337
40002
36129
20143
99755
20509
64971
57759
72363
26042
64806
57611
43575
83236
81909
92038
75461
63909
23407
71993
70248
86252
94969
69850
23707
66579
20566
22270
85585
56212
3405
20545
80736
5620
51461
4849
74913
54396
6098
35995
9885
60817
11707
13134
75354
49365
25141
8940
883
89016
47215
16315
77457
36223
20038
29179
79209
96682
94301
34353
649
21694
68506
68400
94965
42378
4273
98469
82953
74881
38908
12353
71442
61764
8498
98557
11028
42860
5335
95349
60606
47219
64793
11128
76636
80324
90004
40518
31241
20567
22647
25926
79521
11509
11431
36309
19874
70128
16054
32845
64307
35584
81644
11764
60872
11484
75647
16746
51507
95093
20305
98571
69678
27018
35849
55030
22316
63610
4175
85189
37601
84943
77062
97628
38463
76900
29356
84177
18546
65251
74673
19098
58374
45358
87105
2245
6337
23940
12445
89263
33386
78345
68866
20221
39700
35869
26977
15821
90992
96063
29503
56461
3344
84013
11932
12808
49154
35499
99741
17015
10925
48979
59598
34995
48037
97347
95877
77629
61155
40674
66662
78847
59132
70667
48981
51409
69047
47740
1527
73950
88721
43472
18844
72462
68413
33429
56819
59763
35109
83690
39396
8842
16625
70489
11491
92370
10092
42334
2554
79907
43146
96032
59027
73709
1686
42079
63444
38208
94777
31279
87253
61618
16897
90193
38795
27787
74490
34878
26301
52846
13786
66076
3755
63933
21179
26843
5586
70126
14678
91406
4589
21275
70573
40705
85929
1117
78361
21445
39546
46429
54506
78800
87241
90856
41977
22545
30881
48554
755
50661
32205
68539
46586
80274
28667
43129
7518
80401
17992
80197
57690
92755
96870
1470
75670
14809
51047
71738
90609
42480
92388
7755
62118
90651
19497
79405
24508
47217
29634
63227
97601
65115
8892
49945
6771
1822
66646
63974
19212
88050
95508
96899
79012
27794
9967
6050
59346
48943
65535
59321
88332
76299
48748
32381
60848
97858
85710
71150
66417
81838
11675
37410
59343
73028
61209
69284
17024
19177
86343
89896
93650
39892
34535
75284
74297
56361
93436
38627
90929
50554
64718
65251
15732
88123
4967
61686
10522
18455
16029
98873
14539
12471
26452
68028
38121
60650
39320
31247
77865
435
43286
50818
85975
50880
15550
12821
45622
79748
50909
5647
45324
6763
68849
71865
18792
38228
79868
27513
67594
73624
84304
49585
14298
21580
82661
73908
46704
67015
31607
65459
95580
41666
20323
12097
68764
71299
65471
29103
63733
40116
86903
43999
3051
88701
29986
9967
96741
27299
34909
90534
63501
11330
26610
51503
14904
70531
14608
81423
20088
49058
18666
4885
78889
45814
34236
13462
9837
76887
88338
87470
58484
13997
4026
15143
67599
39699
88530
96063
5699
83633
30354
31939
27804
2
1068
33496
25241
63410
91617
45587
87041
84303
631
80900
57517
28691
70385
71614
71391
62199
99452
65625
73925
49929
63493
90238
41275
19253
57213
35311
4538
4033
15708
357
93319
13938
82227
35174
50945
82480
48943
1679
48616
18858
77994
1392
73728
43151
82573
86626
32332
32486
50251
70416
2494
13528
28095
33917
53209
19446
5488
79523
62460
37875
90996
71258
99880
35413
2775
4899
502
36538
22951
9944
38058
40584
4790
46250
65594
65997
90804
7012
51402
18264
65391
46378
88091
40877
86208
50027
723
1779
17598
8840
46700
22294
52263
78918
77304
45190
84113
75676
60893
86631
79339
49507
57705
44042
46317
14759
81663
84331
36843
34716
42256
55022
37856
72638
87037
4558
55714
10993
6265
43935
68062
19299
417
6449
29624
73827
49187
14471
46682
4231
39190
1410
50525
80416
32674
34054
75637
88463
26662
67107
32726
13165
73460
96496
78333
78443
73885
89811
86197
67313
13344
88871
35712
26535
25602
36622
82113
22450
52445
80429
66692
46400
71370
39303
27394
95822
81152
78025
63630
24502
74339
21600
50871
58125
78824
80525
6442
15055
94820
7006
30471
16912
51988
85107
91100
58226
96342
2010
67769
11868
16534
3668
43875
23255
96982
24396
79065
66736
28655
80978
20456
19512
2928
94258
29970
72909
29411
78382
83260
43300
20597
51659
42257
1678
45958
97158
58286
71513
93975
32919
33905
62113
91850
84134
43341
68428
88879
1641
79195
5209
80307
45087
23789
51854
5016
78877
18806
66997
98233
86384
56447
20398
30881
87426
6711
94575
19569
20744
34478
63619
9368
57021
67195
95961
27285
3435
98859
45510
28696
82480
98819
45973
99632
15029
80998
45568
94589
58346
32770
25228
43208
1919
16869
55171
78850
8315
80674
74951
63927
54901
70827
98791
39900
16908
32542
98434
4014
63331
31226
14046
93579
9520
6709
59846
33733
35856
42988
19639
49464
51834
66425
22010
7573
44394
84701
81887
98053
330
69967
53858
43158
58216
35519
70123
45190
38959
41042
12717
10752
61120
15305
23014
24538
54600
42982
25540
94481
1787
54842
41866
47399
86685
1147
18866
25799
56002
61462
59122
52312
73711
91628
38758
87017
64572
83995
41460
28687
2624
52458
74409
9151
34915
14125
12288
71879
99030
91528
73751
3648
82395
86847
63995
53754
73415
43275
82403
42061
83093
94778
87771
44162
77825
72679
73366
72510
45282
734
1483
91023
90947
41786
41478
99390
10191
77356
8257
37793
90727
13950
19215
55563
99923
50833
41236
95997
66258
82224
44658
17080
45051
55309
22041
37852
8752
26362
95927
6891
47814
60757
67076
10385
46753
80318
96658
9086
34180
76295
62544
2326
27380
86896
66895
38447
33029
87120
47707
93867
40148
81840
30945
17401
29737
97942
49961
54929
9064
2438
47944
71874
10133
95198
60109
39994
58030
3517
65740
60174
50524
39305
8284
63199
16987
18700
59542
84697
33301
14115
33132
74387
20836
8073
92371
6306
59048
53980
53448
28185
98213
35483
85243
29360
23322
90526
15145
80881
45297
63051
2940
47318
65498
47707
23550
65406
30140
23929
59526
33187
10422
85657
33158
91246
126
83541
53001
53610
33048
37108
61773
79476
40080
97350
362
20743
22057
18534
21936
40486
18861
93362
32064
93344
84481
852
92579
63595
97521
5811
91067
85581
85986
59454
92903
81437
76139
83198
73888
29507
81957
49233
26572
7663
25906
48512
63565
48017
17828
59620
56855
45168
67644
99417
83365
61520
13745
70440
16078
1747
8094
69675
84068
32601
89585
81770
64177
50200
85303
90135
38025
39207
92551
77289
89952
57521
28828
17776
5310
10222
34656
24421
51713
71183
24291
90399
45073
77222
92908
47763
26834
38881
80513
390
10356
27988
87313
72382
45946
48295
41771
66717
87602
92710
23962
31011
60719
39167
56124
33405
91157
9050
30644
48893
11129
43181
93542
95717
60911
45029
43547
68498
22682
69751
68524
79060
39934
98001
49020
40113
92063
76605
81714
72450
54119
15555
90795
23205
35933
90968
83407
72636
59158
83586
60354
66579
84713
30356
8532
19683
8818
70240
17478
15605
98187
95287
61575
70536
80983
90096
36823
6832
50035
3199
61952
4194
39636
1892
28443
28334
99960
19901
7016
5940
67052
12673
15176
75255
38986
13961
8603
64915
20613
18912
61321
5188
46269
30444
22282
35010
63897
46003
51929
80250
56336
10093
78216
86378
41611
75631
68530
61437
28693
1121
38724
78045
546
59925
86916
62693
36214
79196
55668
67252
65496
13627
91639
31087
24713
11148
36330
70315
42265
44422
22136
5550
45004
36681
47746
55503
21203
91610
42205
87823
21451
88741
3370
22996
45526
7711
19325
64500
73859
6489
10178
93411
52551
76209
86181
38633
84978
36829
20944
43901
86867
2806
94758
42828
61071
25121
99082
80737
47735
32051
60700
2201
4903
97045
8071
32132
43016
73403
36487
94376
93832
12392
47630
42509
95423
85728
56747
362
34995
31063
94982
10310
53906
72881
96149
76818
77132
60380
28214
58252
38973
73975
43484
63447
55402
49985
70730
75949
93750
79997
90038
44492
38359
39354
98394
92828
67342
88411
28619
93006
34399
30496
55826
62624
84346
84891
87288
37715
18531
23143
97763
5503
49952
80790
55529
44261
14196
25194
8972
24630
74993
32548
73311
37426
42762
18796
43802
15654
34772
81847
49876
92362
16185
25345
89767
93772
87562
95320
26898
67350
29699
19139
20474
78502
3745
23310
78080
50451
43531
90054
53263
68453
22969
93365
4763
15893
29626
67640
54290
57489
11937
19697
64552
31884
12395
35915
19044
26376
45474
16542
77839
53614
83863
91027
5364
46985
95022
59623
8345
44898
1429
19642
39726
24456
31197
91459
29874
79503
39831
55843
42318
74668
60159
44329
217
16879
81131
66226
11722
99462
77994
94280
87722
76692
86750
75870
40637
60890
18321
68992
78304
79724
7919
21605
226
78607
82882
32511
41254
87727
40002
50677
84406
84508
85429
9708
32485
66781
3751
18008
37333
57287
72032
35234
31369
48988
50188
1728
51786
84275
66136
18446
19820
53741
27614
54071
91664
15225
65089
48461
61511
31145
28975
64279
4470
54626
7853
82453
40724
1891
32148
96222
78380
83867
92175
28536
36314
46955
32601
61687
51571
20611
12949
80634
9636
42992
53351
16846
41745
6844
75377
51512
75883
73172
14249
31022
65874
76931
33525
78916
94715
84592
85075
94060
16761
51351
59400
13895
54783
35994
77499
79960
78275
75855
89020
28247
64023
74457
11686
13652
45770
42965
99123
8440
84806
5158
36736
40832
91182
63736
98347
91515
82588
27571
93045
60346
67557
67608
35967
20697
8700
95054
70973
36444
63296
72791
14960
56945
94956
50043
52093
83951
54276
58982
8326
23106
25500
50595
56740
99874
92114
86275
14973
18603
74991
48931
87182
70499
54771
10969
60723
39688
29163
86016
22594
23730
80154
83743
11759
87093
7143
25335
83664
71059
23614
30610
6676
89083
70723
46321
73937
13065
31696
64483
31244
22164
81626
22209
88086
8909
14731
81728
42759
3025
80352
56315
77853
88082
10827
2864
1517
31595
36448
10085
38552
87876
30466
53121
70174
24704
51599
1881
35847
56451
18053
1595
40930
5587
5267
11247
94149
64568
82647
59166
28582
17328
85100
29234
15381
41278
77577
92561
15
55572
67143
80021
52884
25770
93308
22449
35853
91067
32114
87633
60794
74114
89816
6458
72991
49234
47419
60716
47410
63022
17958
17984
44466
92623
33637
58656
33309
76703
10839
13939
45177
17322
78761
70116
93974
23241
89279
39917
96652
91209
55936
69742
56223
65467
54183
87244
38213
96400
67626
99094
31096
89824
72151
36683
4210
10198
23707
52180
97779
47795
3463
71768
79090
30081
54082
92171
82905
62405
83361
84490
52730
29110
26838
45257
65918
12855
36023
80933
22090
21858
73306
19198
69722
43813
43104
8626
78182
4137
4531
60019
17124
22701
4337
78223
9130
3816
63870
75756
99742
59717
71254
55336
97192
85775
22877
39307
90850
94569
33913
95797
17796
11127
5202
86186
23773
87851
48176
95988
37834
57812
76532
3906
17671
3902
1827
91690
31742
72891
22546
90169
31577
33373
16739
30481
95349
16996
12
33489
45448
63754
88123
84959
35401
56906
5946
84282
90582
17223
50739
17097
82142
69624
89764
81193
91227
13708
73738
91557
17519
68847
73392
87202
96511
98619
90997
13252
9876
65731
91805
40552
56481
12088
88628
97914
72100
22960
84122
62760
3125
45526
53586
16445
34122
12631
93665
50791
46544
35231
32990
30956
83979
92825
47678
33667
87711
40280
80252
189
64505
10507
92334
78381
10075
30542
31694
33930
86629
47538
9504
69596
95412
9745
74989
56918
71016
64760
10644
90734
33053
65364
2848
97260
81901
42135
33524
48282
61738
35760
73913
25392
81557
60569
67459
23136
60113
16018
49454
85235
84499
28258
16755
79561
52239
28731
43502
99830
56468
30783
86511
13789
19418
12651
64699
64544
55021
10384
2851
76058
98887
51143
73723
16018
81953
37719
31653
85946
21911
71635
39125
21924
7715
20195
70892
35986
69541
66645
62233
10297
53046
50309
95637
66518
84723
40709
17037
23211
61443
40371
19218
61503
91808
27428
76565
86182
44969
5284
38033
36692
8650
7527
32987
76487
50226
67946
18744
39272
75638
60525
6826
77928
45242
20654
11803
2900
48646
95748
66877
94836
4538
9018
63644
35891
45648
44825
53387
23635
21610
66228
34494
29443
16638
69565
10938
88231
55965
23597
40466
52613
47916
79603
25264
58389
55235
96181
65198
92654
9703
47976
66109
73683
95433
25269
4115
39670
98431
26793
40745
58087
6239
40505
36238
29891
25057
70676
49519
16155
34068
27557
61406
75837
17081
52212
23048
89189
19624
62397
64250
65361
32346
19513
69479
43653
67782
64466
79828
69442
96541
11448
12239
6019
30749
28680
69225
2837
98521
18257
92752
78064
72514
58621
74721
51355
57751
91435
87872
85571
16500
95397
63170
71596
87838
99909
71653
5933
74135
70680
89141
87035
98058
21736
88449
9887
11991
30195
21392
70910
45711
75214
83033
59863
61894
82490
31657
13284
88025
9243
15169
48159
53481
88917
66477
24461
19336
12208
54665
72868
24584
83711
69552
79696
54702
13939
94607
83438
89843
73801
69025
28703
60975
9310
11432
59929
10172
32406
75071
99537
47005
18983
68048
30919
93041
34966
33943
54169
13577
78862
17113
61793
12352
84242
23253
87218
90556
46083
70857
75151
81054
99648
40556
47571
70936
87152
38725
77754
88478
5761
73107
70022
31994
3652
69796
42617
85503
70379
73068
26623
21070
68331
57960
3610
99560
35131
33703
87208
79734
49919
65576
50294
44756
25623
18152
78725
14211
19285
4253
38373
90844
20601
10983
19387
17706
63449
86904
34511
41274
88313
14732
79864
22903
92199
44945
61388
68721
24313
12558
63118
33999
73740
20974
36263
53461
97481
47319
33436
57809
18545
62660
99826
23774
92005
64088
21527
80921
12146
95142
52155
34536
40007
78264
22691
23324
59595
33123
57777
71195
88894
75431
93998
98363
3841
94110
58261
31607
86548
80824
98947
53158
88077
82396
13695
50021
22856
7759
29768
84758
68771
38606
97935
31535
72367
71893
41973
23932
72529
26824
306
21487
3998
50699
79286
38360
87754
57053
79331
83193
81687
10298
23075
88701
84934
1640
96793
77516
80600
68881
52349
54668
68612
84106
27215
82765
19223
83698
59485
34071
21125
86470
12550
71130
4214
69994
14463
83740
95009
3368
66562
26532
76795
17357
20716
40469
10527
9551
72406
14251
66532
73580
63443
45790
91135
51320
28281
13797
40322
34539
90174
66643
75264
19727
47266
65498
36706
24566
87289
87544
25084
4995
71845
89515
37615
46683
79456
74078
94425
47284
81663
49239
91850
63235
38638
70914
81030
95947
8422
77299
62301
31062
32483
49259
38794
64197
29545
30147
19143
15987
51591
77829
18896
81251
44314
47564
16166
8737
42775
99704
86207
69569
47185
79814
62933
71019
80255
14218
8512
38393
28997
52212
17107
39991
94611
20060
70353
25772
16940
60555
22459
374
86318
69124
28068
77453
61908
25920
92809
87190
18206
83316
65180
63640
56143
9292
92002
58265
43780
7800
16164
7498
95006
64328
50699
69786
26790
88438
83697
83614
81446
81223
99895
91489
77221
32131
9002
10978
95121
50953
2376
55254
45349
12270
32376
50763
18441
32627
95829
33938
11825
87802
77677
18992
65597
88929
36769
79114
42665
791
51581
44023
12286
7762
37186
37857
16392
14912
74474
32283
32867
46735
76389
53887
76141
10167
30552
84302
16188
81835
92714
28536
2525
32187
91790
69675
37116
85123
96573
17777
83473
33718
44181
50851
80200
24326
82410
7217
3510
87943
81815
39459
97517
50292
67930
81354
55480
91947
72196
10086
31200
59051
25794
81029
5016
2351
64596
61344
96887
70670
90043
37951
67898
50986
30925
88550
87009
89030
27421
52439
51427
15097
72319
31619
42685
11389
91252
48508
55741
99790
82832
72055
12456
53399
28477
96999
13505
9526
85422
78365
4167
71792
55982
84146
66144
11044
8943
44713
37990
44892
35647
50166
39752
86277
276
10700
13864
89417
89829
69011
32452
55205
30430
92944
37719
76004
42771
95170
91512
5535
90009
19474
62100
22210
51620
93357
27777
33592
12828
74450
43626
36810
75667
68944
16352
46613
67208
10174
99372
55494
85178
33606
73874
92814
31304
3382
97141
72884
66943
63866
51532
78625
42502
92548
92086
50505
84442
26710
79564
13214
76953
87088
15294
11616
77664
90877
89225
44208
50247
74692
12944
41201
10872
18008
21879
70139
52755
34839
70490
49493
32920
5211
89035
71285
60859
18596
56528
34541
39895
11614
21897
34598
32748
25634
25727
18160
28230
95829
27959
90480
40947
67009
69085
28975
27212
23548
67385
42000
66813
12917
74306
68205
13204
38958
11320
69838
73960
58545
57428
47761
48627
9951
41949
86976
28346
42857
67154
68198
97305
91513
20895
62539
99786
89904
8293
19171
9857
60502
36247
10903
41204
60390
33223
84463
37795
14266
7420
16504
79166
61797
44908
65672
52793
75531
96859
84419
58178
69941
40364
91223
75305
90381
50216
10396
76504
40568
29630
22852
80803
70184
23980
39151
15214
91324
46369
5116
76136
8935
45804
43466
99793
22401
86491
50044
47011
14195
21413
60652
52573
65890
40468
57022
79706
7149
59761
23083
3825
31403
84727
18266
13455
73967
27879
66984
37341
58251
15258
75513
1718
74679
53521
57622
14163
59181
15677
85631
6354
13383
86494
40151
40297
72882
81353
87186
80069
47193
76906
38705
69627
77694
20876
41123
53405
41956
71288
17610
52018
3102
50304
8656
37673
55003
51524
41992
36230
64465
20102
24945
13934
32626
19491
76675
12086
95765
44423
80510
15765
9845
79680
72111
52466
31178
789
3113
31023
25087
58480
87714
54275
94162
42742
20081
59113
74883
27154
5287
25668
27627
75698
84914
97345
80126
54226
90372
99522
93863
84591
23894
39625
51247
17466
15310
54372
1606
46807
15226
99964
65685
45285
72774
15287
56168
99420
79651
53691
75153
8977
61044
71013
7873
85118
96370
85193
1854
63873
70128
3305
11043
63211
88265
73049
79783
11395
53943
80496
66318
34312
41846
3834
10845
68505
91793
30098
34094
18173
12615
5680
35436
3559
91120
84474
94828
60302
51807
82596
1952
69679
5604
66347
15511
17956
22605
98563
29770
12390
98528
48967
43760
16999
1848
98960
87724
62593
28892
47522
58700
37277
51624
13844
70872
76955
35765
76690
96488
9056
87900
54223
30324
94950
94447
23970
61714
36422
45195
60878
16788
69862
51442
39020
29266
50806
92034
43747
21769
743
69500
94088
62908
37517
14791
1036
81381
44730
11817
29355
69420
69418
17928
26592
77385
3317
28522
55110
19396
98253
65061
30451
44684
62099
84134
49875
18572
72508
83608
69112
95253
12304
9402
55142
16423
9143
40227
94666
45765
63879
53879
34341
20881
41952
96386
47469
90083
43448
71497
17489
31191
68607
64940
62468
11782
22147
57989
30412
35236
12674
14105
65821
6040
29113
83972
43255
7739
66752
19171
82215
96099
23246
15957
72082
20790
84116
24485
36519
41748
1647
51576
51375
35495
29305
89349
99501
26517
20644
41053
37749
18159
67899
90386
96539
67866
62589
90154
86129
54235
95933
92979
65554
90030
39444
67872
36301
88538
68685
86456
16276
23795
6888
14403
55720
23166
63634
41399
86822
93727
2747
2482
41096
62487
71872
59377
73210
40248
50911
52813
61607
40708
8385
10613
28869
97164
16951
11232
66338
50936
77734
25851
66578
44353
79988
26528
2501
13544
88060
96678
26861
39612
30699
40030
36282
51018
13853
44115
40441
20629
32757
2634
66260
12781
92481
33163
79874
50692
42844
56706
17384
13007
63254
45175
7625
83321
42745
79041
23357
82270
83215
32149
24441
9078
20389
96499
45916
34169
83945
95103
35835
15711
95939
93486
19508
18015
57565
41301
14958
97036
68397
66309
71956
62502
84537
72035
47501
15551
24417
34958
68855
45202
45396
32971
4529
35907
23398
2826
89597
20670
76549
45966
53009
6258
26173
54074
54041
37567
49944
64703
76149
66693
15690
474
36905
26677
87495
78777
61508
70684
70625
48796
97243
81532
72686
73664
51440
42902
56569
41990
83288
10472
98593
97245
79028
37099
79347
47011
97030
33051
97614
89151
41582
16419
71026
54995
869
67089
12222
74065
84542
72775
85431
40223
46356
56638
89780
2181
48923
58028
39014
15737
17203
48519
93359
53470
55836
80103
38030
33973
50146
6336
91838
4659
10842
5203
45824
87306
66493
16414
86677
97269
37621
46170
3385
33199
13787
25832
3371
44083
57898
68221
82892
9021
30695
49594
53789
70324
58439
57062
93896
39041
90673
20226
86106
69740
3994
95993
434
76444
26274
3367
23427
12843
1010
60773
1712
25328
43050
42306
90560
89664
15035
56024
95605
48033
8299
85068
13509
58850
53746
916
73617
91744
14060
85937
15720
86400
41811
6498
50766
96738
78134
38652
61070
50028
90410
19575
5943
93570
33226
86949
27868
31091
77118
3310
65379
32256
6968
16517
8485
29678
12838
45020
27598
7602
34276
39314
73949
2078
66011
39239
38637
22443
25274
41936
51071
39591
80867
35239
84818
14757
9128
62328
96475
47332
87735
23783
5485
3048
76490
62233
20296
71961
40971
30495
25849
28156
7967
66038
23240
57266
70043
67140
69800
12986
93726
59688
8173
74880
44237
98029
6030
44245
47695
73659
55752
27978
6178
82340
24117
96244
55612
48989
83349
63510
7790
99652
61869
36044
38192
40715
43749
175
61524
55846
65642
93148
1172
21052
8221
5892
80118
38855
8150
21122
81017
93995
62624
53340
46882
71765
96052
59131
5253
74981
91512
37856
48139
37173
83504
25047
57086
783
83393
5883
46972
79552
44104
81632
67370
30817
10580
7942
89972
49680
51122
15307
41254
11765
29273
39361
72176
40515
83512
24137
73575
6635
73371
64007
78758
2572
57321
62014
77403
92734
92921
96839
38762
65542
86994
50271
74503
98496
9906
21290
80755
26633
82079
3431
557
81543
66139
28698
71642
60840
58675
64863
88874
36405
52176
86798
60559
50321
77084
32885
75952
60931
95889
81960
97496
14460
53515
71145
34845
44452
14685
55003
46794
12152
69891
321
77879
71047
29270
89851
58286
24642
70042
90470
68307
60590
67775
76430
36114
57307
43270
27590
69247
99211
65710
95191
40916
50639
96425
36861
18446
11062
15924
43208
76776
16029
80354
95085
66948
221
84029
59739
44395
71253
90706
51243
22829
60590
85021
71573
82078
92648
55440
54171
35473
86936
96801
46854
55724
90069
60175
67334
48160
4898
83624
27794
99796
25316
17397
28125
72028
28991
48852
2106
44566
27108
10115
83875
76109
29059
54523
20456
90578
63001
2083
39927
41015
32668
7629
15846
24374
11815
62210
25448
34923
62245
31304
28234
41186
52475
50057
93103
98448
32002
25456
16757
90943
19402
35737
92147
44588
12288
27025
20181
31277
44332
64176
9445
24213
74127
76017
91644
14440
78136
86516
32000
10246
73045
77464
97441
50830
67578
92040
12755
99469
95322
44106
94193
52046
95547
48284
71955
80639
32323
27044
66204
62446
57356
51674
87730
474
50943
18828
80627
74331
79264
76920
2202
92714
26520
8579
72738
39475
9867
91343
15673
79237
84779
307
19711
14385
96947
52455
81696
9791
2815
92557
1029
3670
88069
5363
80333
66875
50325
13038
1955
47271
61587
79689
4300
89505
72320
70716
66288
11339
20010
95635
9841
55099
22905
69441
43303
11417
10630
27881
27503
28795
4124
43759
50578
51766
75521
58943
624
6027
82526
93753
42589
35712
36461
65889
42882
13539
54512
97340
66516
51256
91521
89693
39003
7309
95674
1098
3948
25977
77736
95665
97584
69060
28239
45216
46073
23588
72039
17059
96698
15246
90979
98375
48325
27547
64452
70602
64913
19010
76675
88543
61858
28095
51334
84470
50704
29154
80640
32248
48382
94960
38161
61271
30029
99189
33767
35812
73010
50510
16795
8255
82577
9516
37294
23179
31412
5658
80270
26725
46806
24155
4603
85233
27756
51443
10232
71057
10099
7160
89651
40205
61101
41595
37692
97654
60567
48951
21134
18429
88885
2449
53185
94255
1266
64478
67412
93519
80930
22861
78675
35721
28406
7109
30421
85993
2224
44212
84893
56613
14716
86683
9819
92455
62899
82173
44787
21992
64923
74698
84527
6068
66564
93001
87774
20833
3407
43139
10429
10426
78641
36382
65278
85499
44981
10739
67639
40403
18347
17008
24332
6489
63646
20687
37572
84606
86550
87470
98211
56489
603
62281
37494
47873
87161
85872
7467
7987
20787
48847
91621
72263
11671
93821
53011
66125
59357
23007
53915
66820
70907
75352
97486
31238
20436
44983
55685
53431
29313
50433
91242
54944
18494
68277
38152
83298
73595
14171
36045
91196
28655
32578
47785
48295
89893
29182
43124
37344
88997
38594
18947
72074
16841
46736
92049
67661
56817
13490
65495
13321
44167
24754
11647
51409
87962
12600
74365
10268
95591
90145
89055
89796
28874
85778
19240
25491
23295
87061
80310
46726
22789
35044
23347
89299
58274
10086
62738
71950
85017
85503
73625
64713
50523
71877
97575
72136
90007
53546
80096
78866
60492
24099
23389
10632
37674
95386
59929
56633
50059
88019
79462
99056
84325
4137
8760
60429
34669
76576
17432
10573
7194
77335
78427
94624
71655
27669
15877
21501
85005
86758
71156
83213
843
59295
72851
21744
26393
16704
51309
70966
53935
70712
67132
31015
61692
25325
99378
86707
43058
40093
47953
57828
4119
12293
67690
32866
7430
8809
73964
46371
7830
20137
15969
82614
11564
48580
90903
13230
3030
72232
23890
56210
41345
6685
82593
63588
3403
63902
25211
24850
12690
82466
29244
44603
19611
88178
83257
1225
59735
91025
36165
30526
38393
72698
99784
39478
25131
66879
39327
90208
60443
40322
14033
17714
20199
9803
74209
31872
92711
67726
3327
73507
32759
31979
85404
26891
85044
44598
70752
42534
22899
79823
43459
37441
37901
60391
99280
88832
67511
6445
2181
98071
53414
3186
54360
3235
68104
43576
10853
99618
32094
23368
16754
23071
38822
50417
74575
56865
91611
5978
54090
85976
86334
53723
49096
25890
67459
96005
18192
32560
10239
24493
70042
90229
16544
67271
27527
49426
97387
64449
5752
21053
91814
80075
60269
41620
3628
85231
48107
85257
46279
8844
92036
86129
56215
6433
79781
39244
46699
75715
82442
62501
41472
59530
61160
34312
48465
75437
83885
54281
62019
64675
54850
46351
72914
41767
86153
67762
14308
83131
9004
58589
95305
14210
95824
11799
82304
8730
18102
21866
44978
90454
32433
80745
82339
53698
40660
94269
95538
23060
73540
33573
89960
16309
7971
88370
89973
13177
50236
42257
55189
74249
80907
68674
47642
96985
30885
46242
55446
32516
3163
30359
43904
16563
86560
65735
53283
90074
50653
6353
4111
61465
55973
31894
83381
33157
25892
93836
56842
76450
40323
41787
13027
36857
77061
34521
1694
32064
34778
99915
46537
71415
68910
81921
2802
87773
2680
58631
78113
99059
59642
22212
16814
882
56844
90391
50026
31518
5585
34479
39110
66995
17856
32897
46193
38876
43581
83199
15979
23932
31644
47100
11976
43152
10422
73709
39572
49003
85228
20177
96356
55177
34247
15834
39880
16935
33580
68970
28028
59309
1955
87561
19438
54243
32838
45991
19879
85463
51800
78747
85541
68455
29561
27542
77766
68615
35416
23525
64353
5195
69845
72616
84598
49176
58644
96527
61218
69870
44595
37214
99696
11887
33032
63813
68854
27758
37227
76433
53556
91394
80130
94670
46199
29484
17482
96381
41877
54991
44499
79267
55371
46865
82084
31159
33614
25078
48508
39268
83471
78724
72571
45949
55508
49713
17341
28148
97830
49925
51819
7311
40061
14007
67454
42565
34997
9560
56473
84698
74230
34312
38314
76456
66443
28321
36880
91490
97559
31090
22623
94458
95115
79317
94295
12705
44427
97002
4680
36944
84163
93072
51752
4485
41059
2292
5346
52119
72067
3642
74506
11702
92272
38451
60922
60407
93776
12457
94231
7269
86292
30253
91719
34516
65058
54742
92576
61553
61958
38133
85421
93875
88268
75677
63711
22706
45586
96139
84619
55472
23493
35073
54614
12146
40581
89013
41600
46596
76882
87701
8354
77998
49352
81793
87864
10829
69934
65816
97809
17206
71489
68504
58057
77850
43058
54410
81506
46715
96526
43785
44906
58530
75521
77032
93982
67836
8086
80000
37187
83994
28605
42720
98906
52101
98387
83193
45276
67090
71536
81583
82565
46447
58722
39979
36451
13420
44441
38113
57892
16917
52719
72838
45608
97922
68375
38356
80982
87027
17711
65041
4941
32272
53781
20279
50400
75783
84320
74161
87427
59065
13743
88818
59570
64140
20441
59016
94382
86316
36539
40317
4710
48751
38064
71711
67912
24101
35622
82785
70802
21809
5707
76605
53124
45280
9817
43808
49653
5760
10006
79301
79869
59671
86454
54698
97592
86909
65787
6786
1508
78311
73281
81828
14726
29613
95871
70672
62402
98916
91109
82455
79058
1628
599
407
70263
68025
68947
15637
56995
10138
29056
95975
58466
34774
62212
36605
76350
48178
19235
70389
81922
499
73266
45716
77448
91236
59014
15323
7883
4592
18550
79316
82748
44772
26384
74557
59392
87685
36761
45467
80682
74616
51410
16361
85079
20564
88727
31475
25633
38996
67223
85637
92156
85824
18937
20678
68746
82547
5773
23510
34442
85904
9695
70999
90313
2980
43815
75496
11715
83753
4044
52603
67358
3124
94140
86007
24296
76341
79265
2043
7912
3380
21638
75251
13388
52179
76556
59233
62746
3312
71922
65721
75315
86808
24281
19002
90597
32873
87287
91223
97922
25010
96339
84238
95074
12246
2322
44529
22928
99999
55899
48982
39496
29011
55128
6949
63197
48878
40833
85267
44715
27047
83168
64480
1860
51148
60477
23810
97074
84831
8599
15201
17457
30071
65005
87998
85267
74306
72059
70168
12267
58465
98188
8973
76832
98446
64453
1478
79753
93877
95798
90725
93760
16619
38723
19826
51118
29866
78134
20579
76854
44601
86598
13961
19771
77385
11470
66811
33973
34127
98735
85785
17856
35728
94432
39646
74736
76049
30750
63857
31150
30031
64123
79554
56158
23454
34423
4110
23796
17385
34863
4982
63123
29926
43029
54010
9611
80221
72731
94063
22975
71002
47722
70803
35323
4295
43864
81717
46461
67403
23343
8075
69070
64461
30357
4119
27518
79094
7744
10527
95154
48140
66149
4591
62352
84180
49585
91364
19764
5961
2022
34326
28935
52106
25047
31049
2545
86166
27512
27606
32565
93325
89800
51005
14631
61458
96199
91205
84440
14477
46482
73866
36860
61048
22315
4385
47944
80052
23323
95040
48635
49817
57748
22114
45049
59501
73192
84065
51483
25500
15558
62651
82974
94840
23976
57609
89640
41768
72742
62157
38772
28182
17664
24942
31863
71471
70265
35504
3904
70224
2274
33905
36396
29233
40575
51526
65699
72228
24871
48591
30109
19079
52858
70987
42396
63390
21904
7531
13087
43625
1777
29164
50708
79067
23424
78289
41603
67933
25277
58229
52139
18316
67554
98649
5637
99680
51191
24339
43807
57469
57275
44391
85897
58624
44363
97182
9479
58637
23793
58366
43486
59283
33734
3624
72103
84274
97872
82097
50684
48145
49689
59985
53280
77673
17489
85418
89121
55567
33583
25399
33769
67071
44435
1042
38660
74548
32684
95244
19967
15917
92599
24808
48294
56567
99253
55445
54824
5616
25023
7612
83887
72936
85206
4350
65311
92307
98701
63598
46787
26435
65034
29840
37570
49213
53973
75643
36941
26176
45342
42108
3764
28077
37355
9282
39184
9296
68493
54992
86150
89427
48481
66144
55959
55933
12810
42859
6595
51390
44704
3615
38456
70207
98855
2896
42595
26782
46984
40400
23315
97402
42053
55580
19966
72186
52528
17374
72815
65574
50670
72918
17294
52136
72572
7107
33425
50575
78689
9367
34979
23580
32680
66188
21360
94525
63220
98243
37834
13431
62196
8407
20922
26162
6263
1356
73680
62762
90854
15924
82722
21888
55034
18326
97671
22234
14173
99324
71027
4476
73671
55357
71565
84616
35795
19896
15186
47646
3972
5444
87132
56151
23702
51625
34745
74497
57054
43848
27813
87750
36832
47730
16386
38849
67215
56179
35077
61695
43897
3430
74603
61115
18285
20281
19639
88829
96340
98181
45666
77486
30954
35441
58621
19288
88332
90230
6301
59002
79751
3249
55502
17204
45246
76805
95608
36172
74861
77838
1334
3571
6540
64168
7693
96706
27305
11819
19228
41008
63834
19715
43874
22438
15688
90917
67053
62044
81967
4491
23725
40330
44746
93854
21645
65358
38468
4878
17081
15218
48142
59069
36108
28067
92450
59764
84234
61278
93146
77099
65862
14459
43625
69930
4678
98884
5054
15240
33023
72943
71119
94448
71037
75547
64475
90864
30571
48428
7556
42175
85699
11771
35512
62638
32350
64350
5839
28650
81985
53402
45549
40951
16949
45271
49862
76051
56566
26493
58372
26604
35634
19436
4902
38956
81397
12522
56745
99273
92734
70013
60633
18983
41063
13450
49345
963
19770
8764
36315
28515
60110
16021
97480
44772
30668
87432
25120
75841
88281
36643
68920
84718
93111
11221
49563
19136
95117
37090
76543
51069
55485
91207
9884
49921
34979
12333
90016
12999
6174
19886
24724
33533
23319
1596
38759
94516
43413
19402
12707
59643
88330
15003
52973
26735
10335
25315
32081
94612
75513
38428
33147
24304
47358
91766
34782
6644
44503
38629
45374
81523
22102
32701
54369
2350
16191
33066
50766
72285
3054
70138
80656
64639
3067
15163
13461
49795
84928
73399
92452
37578
71201
19192
18128
64715
82625
36006
53106
59934
77944
6848
30354
62467
37529
45360
36540
32917
32675
950
56904
50080
58264
61365
15797
30071
25892
72848
79739
95713
90252
505
49574
97496
77147
28161
97497
75652
94515
43020
75289
75215
96972
37642
48624
42146
39252
63565
37091
76643
16287
21014
57198
1920
6166
23280
29706
82494
87437
3983
22618
74481
41010
23335
78939
37572
31634
8866
66277
67067
9457
67332
22879
77438
36740
62356
16747
26653
72509
29066
78796
40428
99233
63023
16156
65747
52215
2500
92140
89975
39792
71923
35112
43501
65661
8656
73443
78665
87190
18487
86019
81337
93587
24782
42388
91303
23892
93239
39658
82151
58312
97921
42193
45394
94273
29563
14790
42632
50687
42010
60407
82031
78736
7378
71927
51921
73248
8789
20209
93810
38796
76090
15265
29704
41573
92472
10022
68132
18161
79519
82744
74056
41954
37226
41115
44095
56198
74016
56769
59734
78463
76066
50439
62074
94300
9810
5368
50869
95022
96719
31360
3758
65852
1128
41918
69087
43176
94033
10524
7479
35231
35777
1890
15452
70948
91486
84278
43860
16306
15448
59998
71822
17911
54595
17809
75632
78574
19264
7465
28600
59460
48777
36364
72595
24526
58215
17614
97590
56793
52590
59681
50051
8007
95885
90561
62153
67838
47210
41713
4236
5164
97990
65469
70338
73414
93505
32688
28053
37873
94804
83751
95591
33412
77177
31680
59377
89276
70357
83198
37573
16996
52878
85514
39100
60901
37043
39441
68837
58275
56002
90304
92317
93341
88904
52790
80956
51186
2472
34387
78538
39202
63537
13067
82441
25618
66321
7453
18025
73482
87330
87625
66244
68684
77270
54413
63058
58618
95618
71015
56962
9883
29929
59130
4041
91657
57820
42734
36168
21976
62180
15269
45383
92361
63959
46043
28794
41067
76178
32327
84241
99964
63749
37721
37060
33871
17747
85977
29328
74317
27196
16183
15669
63494
22186
70136
60403
86197
69385
28753
59995
90693
42279
3718
55691
24956
57037
96798
85983
31988
69214
81251
40261
50003
54304
20908
87464
91096
36355
12374
86709
30299
68770
80189
15386
68246
13171
25864
68612
14975
55735
82580
86413
25426
71143
63312
47596
99720
32380
42641
53409
12161
87958
98733
7249
24390
7203
13424
22804
97836
97567
14763
30054
42529
5502
90215
90493
97386
57766
81745
1880
75713
35287
33102
26114
77193
87410
35457
80661
29312
43165
43207
2584
50815
93970
99692
55765
17074
37679
2729
86806
95440
89021
33279
6712
70479
51950
80749
41627
32070
91899
58564
27967
68632
36277
45595
99428
15761
27199
48405
66635
17146
84699
16877
77028
95392
88268
94889
1016
70195
29624
64448
85087
91748
43602
86735
59253
66974
71853
50688
79888
66313
84303
85987
90788
9013
25874
71331
69755
15655
38035
69921
54239
80062
60293
90156
61165
80067
58957
60170
39234
45939
82406
20980
95997
14046
87926
74435
27721
14198
32328
3709
18059
68211
64210
98753
50213
65939
57028
15493
51490
95401
83669
24439
74123
68064
73889
20823
51662
74529
9528
46699
20209
23478
46047
24105
81090
76352
33432
71912
11691
75695
28429
7530
75632
32610
48984
66753
39103
28412
95077
51339
8907
31905
46396
88411
63101
19473
55206
69145
55988
8261
18336
79266
76476
13013
55208
73977
47320
79328
78631
66130
6485
95873
17953
91654
29586
22246
33888
42353
63678
75749
44484
51272
88305
13398
78721
55603
44614
99352
66620
84733
83751
16941
1653
82436
46363
58674
87795
39809
50828
75872
89896
78551
50879
74247
63878
81705
71680
8405
43228
10598
67813
6828
38549
5694
75031
31487
32269
6060
42869
32017
79363
46413
53996
92372
1604
98530
98453
11317
33307
37018
75819
25403
282
76703
6209
22091
24713
89471
52058
70690
946
89394
30718
59896
51550
63599
26658
38370
75056
11720
54112
28076
86937
79042
91229
49033
27997
39588
55814
96734
63598
12485
54071
8156
73206
40481
69676
35230
28074
32857
26052
68939
66433
3805
84655
95605
18250
34720
93750
18902
5847
11339
19290
3141
80944
93878
3456
30127
71790
89139
54540
29312
38887
48674
68957
11186
34694
20974
34360
39094
63893
51088
69198
9540
49693
45287
61546
47592
48784
79891
71949
61674
92583
85504
6171
19324
18000
9461
74926
53256
79737
18581
43619
47640
54726
61856
79715
2109
17746
43789
37538
47159
39639
67496
89438
15766
17798
27611
32578
46531
4026
21929
62634
32607
30148
31791
57551
37542
91042
45854
97258
89027
44262
476
23301
14057
4408
72984
90907
81074
69434
1392
2776
32098
53343
20200
23301
53921
52967
99372
71487
75087
95158
39640
51871
21485
13834
8186
18753
62263
61968
80367
66511
6723
18406
44978
29505
47869
26209
10864
62984
24986
43022
85598
59895
53841
24883
39231
64774
62331
66793
52010
94289
4803
90542
25049
55143
98684
64836
20492
20347
25765
52359
47885
23741
52064
67361
83821
68822
20152
21765
37721
30242
16001
25683
68036
72150
35591
5772
49004
84349
626
808
29202
9056
75740
94377
784
94950
59448
59693
36300
4404
60015
12488
11653
14742
10867
25893
42873
2000
79972
64647
57467
85854
19410
84137
84809
74986
50161
37407
97656
57070
55
43524
93571
71908
69385
80642
53055
54218
48947
70559
80026
62557
50225
12582
22569
14479
19677
59752
34798
53357
80709
90012
22138
71903
15551
8603
87724
57716
61507
15230
67202
17773
56965
37809
25455
11578
50421
36541
73299
92010
45909
81691
55068
42077
19330
53513
85377
62136
49551
41375
44320
9444
39636
25640
70151
9413
43031
4030
61576
74713
38975
86136
67373
54969
66519
54024
18805
15656
81150
55669
29527
38807
92607
6895
47729
96503
11685
71291
60489
43548
9925
13248
18199
84744
28102
6134
32225
46552
41709
35095
94163
1367
1090
68988
50696
82978
95169
50516
46517
61857
75304
91237
6894
82934
77012
63993
10476
58887
73427
63336
13846
22959
56974
44947
36757
54797
99908
38023
44433
47325
1545
32673
36226
60125
35818
95309
24249
51552
68283
22268
70032
27264
94047
94731
63045
74875
67752
97047
93046
32853
89852
21660
62555
19512
41027
53534
10350
48354
8169
29497
47834
82096
38387
61056
40846
46588
44293
24603
45373
14744
13852
11181
7587
69607
58766
7483
80985
59215
71753
72977
95253
44884
26691
72734
42308
9316
58911
19653
26154
78699
91257
97478
15304
93836
11959
22954
42272
58890
36086
99296
98066
1541
48816
98549
20275
66735
72360
22607
41151
1034
21007
57738
63003
50972
48081
11402
12041
42784
69431
96188
53762
35329
62227
64967
51563
81468
76420
42726
2264
88958
79481
37962
79259
99171
61410
83461
83075
229
52911
79752
70952
72445
10502
47667
31005
30165
87662
90870
67009
798
72150
1705
40648
63685
91610
47866
78988
92603
18714
1890
62980
24138
34194
8757
36040
54032
89891
11979
49595
94310
56011
83710
78598
57781
95181
61834
26518
60858
35915
95818
11019
13025
2777
35075
56259
22092
77590
12126
66808
36538
77044
92329
50452
85085
52378
15479
65334
26708
36868
93287
84587
87280
84710
56743
32193
99610
76688
19895
61977
40310
89187
76903
8088
2284
48761
20324
58113
98135
14403
40632
41009
75260
6062
38681
48111
80984
64857
97259
3502
23461
47729
21599
35976
61069
77879
61017
92072
37483
40361
17257
96965
66823
24225
29415
3492
81714
93454
31340
72994
4577
24965
80625
39074
30286
71743
10608
43912
2843
79704
5317
40976
48945
2138
15883
3065
70492
52936
57434
65811
54243
18157
74834
97188
23302
25761
7481
48207
97965
5407
83148
83100
86080
21817
26738
42057
75309
8010
16009
12751
55492
42541
37613
59637
10575
26213
25497
5917
86839
34429
16407
45950
69727
35386
47386
11032
43376
77223
29491
74247
22755
46531
17647
89483
68830
34792
6248
53852
44156
8725
6827
71259
71687
63702
98770
9022
39058
1282
91040
50429
57354
71673
67577
2196
78200
54723
56332
28238
15599
59327
71005
89771
20114
11051
5145
14306
32095
5758
45635
4582
10263
61247
67901
41151
17188
40688
40819
97625
81609
43538
16086
53601
80609
21671
88910
15689
34653
76882
64123
79918
62746
7851
5192
12267
39851
71140
19625
21350
71081
31502
14503
71198
5187
69336
8471
56198
8452
58328
52327
71518
62419
2269
76557
6432
60901
65989
74839
66821
82166
23744
21694
86366
54214
77907
65750
74775
78407
42705
12851
74457
45089
61143
20284
47736
72285
85649
79682
60677
1960
35135
33367
8627
49622
34806
66784
93199
46345
46549
46953
82772
94138
65141
39486
55545
27755
12617
71535
97057
6553
81053
65583
43298
91284
29876
61198
9738
34112
54477
79377
35497
84422
44168
5694
47789
14995
57961
27948
33622
97630
37800
30164
54843
93426
8152
28452
25704
42927
27170
89023
81643
14516
71017
71689
44308
57496
81836
46428
94069
80023
29441
51450
34831
20771
63250
58281
54236
15301
2276
23241
83770
76742
88000
99587
70286
6977
99449
41204
84147
71294
16559
1452
62830
39336
39710
97600
77834
20479
94937
79969
97996
89800
60210
34772
26525
67666
92360
2870
76863
12351
55630
90205
20446
73735
28052
95129
98976
86433
46096
4937
660
32445
35964
60875
85539
2821
91403
94369
64783
5670
1586
51304
71740
15701
84840
22066
87987
17739
69783
75036
24857
42135
23715
41076
89498
40572
94472
80249
91571
75084
30333
55765
59851
998
74112
36502
87598
79203
63492
97363
64500
88346
57069
8847
33328
33868
76191
21505
86689
59708
22158
42368
98962
65945
26674
3254
74109
69090
7593
67772
68564
54756
62333
20282
40685
3582
17529
70438
13368
72020
26095
16932
49153
94183
9315
39320
80061
2536
85150
37971
39506
61851
17688
30854
72965
50252
21317
45433
81534
26970
53034
85935
671
41442
31756
92505
71874
92187
32536
94397
63830
60136
66892
59801
22718
6628
79852
73268
99791
48287
80460
29697
5110
92030
6700
95140
57528
55808
54265
96743
10417
31076
29987
72001
16811
54564
9545
40620
38909
49671
64163
29691
25
28563
58215
55861
78344
49164
19140
72526
10694
62071
30202
30158
48503
15455
6818
10187
57722
76532
97896
60901
85852
7520
48967
86919
18648
99944
68887
71376
34123
77891
31557
8255
10575
74048
75523
22313
30179
54713
53046
80088
33798
17414
29896
80571
67787
79647
62704
40383
67131
54378
633
63450
25285
58574
78685
37711
39421
3013
55396
81352
86475
50879
83806
30204
18157
59889
64253
36698
87407
30922
84918
52614
90710
78379
17224
52831
76593
13208
64244
41809
81119
91051
37066
99960
41616
75468
39350
19031
10889
25180
8221
61456
47632
72240
36458
80719
13528
61850
34845
56873
42811
82599
38803
57712
54971
15229
14329
56063
32673
93805
1116
97792
50214
46387
40662
20061
40164
26698
22677
62039
8343
66028
11394
91032
98642
23808
4453
64107
31829
27070
67489
8648
35001
96040
22109
86256
82950
34105
57741
40966
98994
87085
76606
55073
70839
53136
25697
71296
50190
36886
8469
47340
31191
67344
58941
27038
96643
13895
12811
2845
14343
54731
78283
93010
32764
87784
1292
38819
79894
65897
31256
33923
23354
47919
40275
6310
62032
36078
22358
37735
59834
43013
27830
2383
10302
18908
15380
82887
9896
61532
59480
37237
6948
28103
98889
34032
15132
82554
14547
79215
35489
24639
5150
1701
61300
61894
35723
74170
38897
84413
35684
33085
53266
34146
94030
115
92514
9613
3874
65918
85309
81092
39164
29641
23260
84384
34510
42190
5637
70166
39259
17756
7015
40438
77331
48336
75571
73652
65756
71493
2845
11020
77767
20740
23035
3892
13960
61844
85700
1311
95718
7833
75743
77131
37037
91653
5203
23192
48539
16168
4539
71090
59638
40289
22898
11578
79395
47668
68057
30996
67268
20205
8393
6523
43794
62027
22193
56265
1421
5601
11241
1057
3307
75435
13117
6479
72151
5638
9553
68202
31344
52676
37972
81177
16304
60873
1632
38492
51949
96484
34057
97374
74825
91118
88085
98669
70583
46508
88429
23438
72470
42660
86105
48349
420
80001
9148
37040
42867
7761
99350
2338
10892
94039
62295
30257
77906
77518
81949
57682
60473
1899
4398
67339
19206
87373
54742
97168
52674
41827
44124
67758
34553
39447
38032
19722
35775
64214
86022
3440
59865
71106
9891
64
35106
91592
34595
18285
95321
85053
89847
73112
84394
23414
94521
73346
65476
70783
4351
58485
4568
1825
3813
92166
98856
23199
16840
14255
47615
81824
43768
86671
74152
39413
36030
85710
72229
33121
98428
15554
62301
65975
4158
50815
75727
44003
88789
66936
22870
11950
9380
2450
10379
82077
65552
20320
5339
30752
21645
21186
76723
60285
23755
91507
12825
6021
41626
32945
88607
31942
90840
14593
17009
7691
20162
34530
20131
59576
64990
57014
80746
49173
80168
62059
36812
89658
8019
10304
16842
46445
43995
17449
41797
59995
72834
99650
21555
77503
61738
81513
65729
46894
73672
60251
33512
49872
98280
38173
50905
42579
6810
73026
61303
93507
94883
98363
97045
28186
15362
56078
55669
19330
20433
27431
79456
18060
55346
49413
41566
2023
73771
53499
25446
1543
72304
20918
70171
73441
25648
33993
54850
72902
29737
72429
8767
33413
14005
35270
79335
93344
99050
45792
46980
38532
50258
68934
15329
3892
33849
97277
13791
90380
15151
90617
19319
82698
27379
48267
57258
52859
60503
72753
3458
83544
87015
29524
76171
91343
84296
90031
18481
81303
12796
35444
64253
92835
79298
40410
54435
19309
26876
94371
89921
61759
26424
60810
76990
70805
60398
79194
97306
22553
16901
8835
90675
99604
55959
86122
55179
13694
94794
39563
24116
98590
95694
93757
51103
38219
46391
35816
94070
21202
26991
40866
3241
97372
20258
80957
61332
29039
25802
27516
4758
58734
21039
99880
67605
41790
66328
86948
55243
47176
6557
93091
89365
58226
12164
61258
48620
29451
52222
95142
49197
40223
89032
63794
11380
11712
43509
97896
76986
78985
53382
81911
70391
17820
47949
35094
1819
13759
60841
32941
83584
78546
17459
16235
8091
6729
30247
51487
24942
73136
88406
91928
68682
40656
52376
38325
29773
7037
34088
10435
72367
337
26249
51055
74148
20756
10870
58041
50384
27011
64980
55448
562
23802
85713
43038
44367
10540
14566
73649
79724
91059
23705
43011
39971
71101
97110
89191
85960
63507
60775
34774
94553
42975
70156
73690
89027
54466
60490
77636
18716
63653
15385
66165
65006
9365
34141
13109
95989
94331
57201
38207
91378
17759
71513
45377
68205
15482
70234
44596
55850
31885
98672
93625
27500
42258
51645
39168
88511
52712
92824
78718
2942
56845
20786
6209
969
82663
35260
20807
75099
1809
45338
58964
41984
26268
75000
2369
81934
76933
44241
67893
87034
77064
18654
17136
78562
91621
34545
5045
78924
86764
33808
49966
26378
76574
47014
58506
5487
74790
24190
12144
42423
61343
66203
74183
60526
26355
23216
17670
4780
62406
78426
50217
74229
47781
22728
58704
90396
82411
62474
9093
65581
86614
87058
33758
54893
17465
60702
20024
61192
98879
94294
93124
18021
19308
98055
68052
29802
76890
19311
44082
14754
75441
67061
78642
6684
29432
62944
9474
67545
4548
67941
81225
85631
27587
54236
15782
80559
80687
29081
67309
98337
30908
521
8893
77346
48823
27514
41851
76235
10358
45543
11731
94379
91947
12338
40477
12256
9711
18892
49251
69476
2660
93657
13862
15471
19072
55805
6715
43871
59514
48820
42510
74186
29039
28587
92484
50841
28442
96152
79735
31096
41760
19518
15840
89966
3450
14062
5920
14386
4617
31524
70909
42140
86279
58522
69369
53877
50190
37349
9793
68767
37665
70141
69443
33243
70741
61717
43884
57889
48713
22313
89685
81070
32815
14737
41308
21159
26958
81620
44245
95332
15860
44753
16074
9061
63513
69694
19137
44341
86923
66323
16944
66170
50979
46286
11208
98921
73761
53442
51464
12322
4057
59396
59032
97753
26071
34133
74538
30232
96872
86193
68663
77159
25061
53108
76294
13758
77732
51743
61483
29466
36586
52960
44233
65337
94882
54683
87887
25385
17487
52543
83322
27458
19859
58098
73748
7366
76904
84305
6616
38318
63552
2122
65817
50987
61324
87431
24091
64946
58295
17810
58492
49069
2407
30481
21756
63625
19223
64816
12718
19894
59861
23589
45267
76936
1226
73380
59864
76111
96551
99462
31330
78210
57901
72250
92797
66222
19396
76841
62264
39673
45318
61789
92972
52935
2095
31657
46500
63807
56775
12815
18800
39151
37299
35801
38092
49386
75352
52157
16325
54764
94919
1765
91146
36963
58361
58928
77185
90223
98412
75085
71520
64106
78907
31469
23699
87793
40055
18484
11361
35351
2917
92899
94389
90772
59633
92397
1815
99889
65848
88860
99270
67259
70517
21508
28944
29407
36951
82352
53606
59150
3257
63686
86642
1077
92043
66443
65233
19346
39431
10715
65148
67033
62229
75545
18961
44271
37480
29801
76440
32183
56454
74190
87375
54425
13452
77026
53267
59896
30011
42835
18404
43377
93770
47998
99846
52935
79604
54373
75081
26455
2666
70107
65961
35852
47074
80197
65505
7477
91127
90113
16279
80219
300
20906
86771
47102
56984
38520
62740
31477
34609
25069
41550
46207
45259
41265
86939
37307
89827
70665
48693
22965
49466
62866
94673
99058
94071
45986
2246
48494
79188
60797
71749
66490
65008
66484
57802
74421
18564
72143
87051
16251
80252
24074
17718
46026
47352
99710
60973
28140
10011
17190
64086
23879
92856
27896
51648
85985
98704
67619
83315
42710
84650
72498
32488
69304
25023
30119
9018
33334
1703
41321
52362
48849
6422
87052
17689
7008
37672
82271
38769
57723
68152
30686
19167
92234
88267
69764
4033
40324
75308
60287
11745
58151
47038
53770
42553
94856
12755
34087
90609
26810
9193
48313
66117
54773
30892
99616
69357
65477
32210
84990
54017
52624
53603
43558
85067
36456
79866
51802
21370
77223
2993
37885
50600
85930
66861
96447
52900
11256
21662
54209
22423
97586
32294
78800
92679
42571
84124
35341
28217
31337
60823
87992
63272
14450
70438
63070
78514
99572
69903
24482
39563
86300
36296
97718
52362
68561
60204
88441
28985
42477
32164
20493
50139
59805
592
28006
19764
43730
40043
64631
10568
35699
92619
94033
40561
75302
62998
60389
87564
75543
58364
51076
99232
43927
24069
4232
54846
82546
61303
64136
54771
90864
6361
53379
6798
67309
35330
87227
94028
5124
59600
49803
55698
86041
80082
82170
82580
65627
80137
58996
5701
91259
60618
49679
12118
35318
85001
94
78196
64645
56573
95937
19483
65514
25585
5656
49139
71571
42246
86922
4078
38928
65249
7436
93498
95033
8598
28984
43435
96414
57062
26777
3673
94420
89344
61151
96140
72249
56438
7787
8779
8301
54311
76568
59310
97402
76302
91715
33572
90412
37997
39561
48116
21605
73668
66763
68299
95643
44771
55246
32883
887
29594
36163
95313
4522
7947
15553
70287
1640
63101
846
5135
47377
78561
77982
94814
86564
17256
7888
5558
40300
53283
78274
48455
67503
58885
25786
29444
66575
29800
45480
95610
89253
66240
20533
67916
70388
28583
90002
50586
65175
57389
54267
54277
53320
51854
82830
7140
4902
16002
80963
94633
87644
24441
76978
50908
44989
16045
63243
70749
73488
45511
24963
29250
67489
29855
42240
40953
77954
6940
48703
83238
20913
67537
82173
29440
21913
39663
92229
12508
94327
1090
66167
17
43680
92182
48608
38417
52825
16854
3551
76627
27942
70173
42519
89391
60556
33960
82210
85619
80723
472
91552
21421
30185
12840
11261
6899
629
40305
60671
21544
25868
87212
66455
71425
38565
59971
71842
91800
39515
939
6723
50787
91977
84293
98102
44193
2915
75189
26675
52637
20389
68998
20581
86467
43802
63076
56590
95716
48330
7770
20061
7980
88776
38712
47831
61596
26471
16444
74493
78198
90499
95160
74002
17545
37221
56702
26119
99614
84051
72030
40020
50557
96415
34996
93040
77694
5397
20372
25562
44508
25145
28139
12981
65432
33357
95314
28309
33557
84990
1111
87262
2036
61248
23903
66271
41768
55022
87189
16141
15913
26176
8475
86629
36978
58506
3147
20967
92829
64006
46550
18826
60889
83460
31069
1448
37555
33928
71129
79208
26844
57236
15634
96780
20000
57044
63342
14835
67555
29968
82230
77609
94662
77416
83875
55854
5205
91932
79856
4081
1237
61527
72404
26781
90443
10377
17118
25449
38719
66854
79587
64117
11973
84383
11376
7090
41578
55752
10801
32024
30369
71503
40857
57029
30509
68504
25905
79079
65884
5553
58310
72158
31390
5844
75138
53524
38964
98905
55246
32569
59592
12632
43710
65940
5826
13331
81967
12984
61144
43932
88351
8940
44702
48313
52271
7888
69836
33784
2056
10806
47241
31744
61847
91751
64122
1050
78322
40696
88178
7590
77671
76401
26523
32073
14979
68208
63301
10311
85750
71907
28839
36634
59350
75450
66420
34157
1817
22209
94786
22463
47456
31062
79428
15753
62755
29076
93495
81046
86844
31497
38134
5866
51449
13182
18097
4182
90031
40815
5690
93520
56953
52967
52070
86553
59504
2022
17563
48173
2073
79397
4870
37084
83263
60378
86258
48750
8556
84214
56385
93635
61112
51450
64076
79233
15427
73218
34607
94675
82757
46951
11996
72779
94311
5813
18568
85754
37775
73655
83405
37043
41103
96649
13740
28519
68884
70890
47763
73894
20869
67203
17132
73983
46925
32071
39663
7398
28725
46953
72486
24760
25128
8077
74732
90534
30685
47280
95490
58044
98045
18656
96163
17800
30230
73991
657
37571
2673
7157
22748
60984
87981
16856
25651
77845
71025
28116
91578
93831
62135
35462
39612
51378
43392
73940
28953
18542
94594
40487
16235
72479
83948
1028
25525
38394
42021
84320
26472
61498
98133
27897
18394
35196
16639
29005
67872
46284
45260
44580
28723
37156
45422
78013
25995
30309
97702
41042
1205
75289
56551
35567
2724
45235
17240
70093
97395
72892
7699
19832
61237
13855
578
42181
57457
58162
42533
89954
49607
39544
57680
49475
27384
85832
45268
41059
55123
2399
76811
33413
30260
23018
78044
43852
69622
82815
18681
900
13499
39069
32370
85676
5541
81710
70225
59946
85624
94217
73964
84445
8823
68670
77959
37961
26393
69136
17794
94444
13833
4720
98244
33651
72087
55597
62930
25144
13534
74397
27163
80675
11020
94446
88969
81242
89335
14248
98885
31898
31002
95554
89383
38225
43142
91061
33599
69496
39158
59718
11050
45073
59911
43603
48078
18658
2474
48788
43317
69577
78703
74720
49418
64600
12918
16295
56312
45622
77405
5209
10175
34985
69840
34685
51565
54200
58153
18189
95252
51359
87030
6933
22343
58611
88707
37119
22847
79258
26260
75089
97465
31850
40958
98698
77776
5538
77058
55310
37107
30984
33492
87985
75323
62291
1395
885
83001
81543
37503
37993
94644
48280
29614
29763
66164
6435
29597
79895
90033
45076
10226
50599
45773
21871
88579
32853
32125
47396
44785
63394
37957
58034
81201
68246
2192
9231
5777
34773
58717
85877
83606
29231
16610
48420
12387
3019
20582
82842
43206
53213
52849
37373
48758
24600
80216
49884
9822
2124
17059
67807
58051
1105
52354
59994
98225
19749
21432
81555
97400
42654
59600
34745
5808
48133
56052
64086
61849
75468
48122
25638
6135
77060
84152
63693
42231
44335
78765
29767
49489
87805
67751
80851
3545
4382
10862
70479
23044
10893
95672
83132
22393
90074
63083
72126
5634
53671
36171
40646
20862
28252
51332
15403
43493
82338
51317
7482
14513
64797
20471
4894
44357
66751
95804
54516
82921
32478
27155
78436
3586
14605
70676
25738
54010
60853
76572
90451
54457
64455
52
45562
84569
3367
15326
5625
16721
41717
1305
51117
55583
96226
17690
54068
20378
2654
41218
76930
880
3368
76016
9241
40750
1987
15964
49168
92619
36520
91047
34138
26472
46314
92673
27036
15310
94079
61960
37858
12870
4887
673
30953
49666
67556
85078
1496
71196
93970
55268
51362
27610
47877
26602
65732
94800
96962
87835
22453
91647
93053
49669
41557
94720
83746
68270
14049
63080
80209
96783
81204
66684
83501
61109
45896
43697
44796
68902
47903
84897
65518
60755
90962
39970
93414
68402
95749
42772
35752
39551
37512
30599
98710
62749
16003
43166
71540
78130
1275
27512
62997
69041
33947
23919
3827
31563
54075
88301
37804
46206
16376
87047
5544
89964
35864
33623
53300
14878
91441
86480
8230
83448
37622
21185
68065
44858
82456
48253
82735
43037
69581
32739
16027
76558
10534
1283
13079
54284
2620
23554
23895
64597
42995
53130
64954
38012
77603
51848
82505
96344
16532
27652
60238
45244
38734
10945
42663
87964
52370
11222
12571
4482
17365
82666
73967
1281
66773
61690
24847
33239
20676
64851
85700
85288
58502
34114
20935
55659
65934
62518
40481
13730
36799
87545
21875
70177
90367
47254
40333
93110
47589
83693
36313
66580
22879
4137
85809
68280
28863
79435
53288
71724
76384
55703
69065
82409
22570
10717
94694
81307
28535
90731
84538
15884
62418
83222
29413
57581
3592
1954
64127
12791
89737
72773
2533
56333
18517
48910
47848
64192
35327
91099
35697
48470
85477
30657
3575
49265
86707
25502
65634
41057
77159
47159
39403
93756
94521
81425
32475
91505
76292
14803
94208
16512
68731
98174
89383
38581
52965
99124
70360
68148
83455
20770
96533
78985
6684
47531
99908
84066
55568
71058
72501
8074
14736
88239
95539
59266
28126
32108
33740
13048
94294
9089
17913
65000
93991
78433
64287
89062
81779
80532
64772
29087
20456
18764
43439
94922
29450
2136
48654
46182
58864
58026
53180
82738
45904
91658
38987
37395
4635
78871
66973
18094
53997
32999
31374
733
46057
18069
82501
51732
93968
54690
92653
99052
62785
94813
92168
27484
64026
19927
43648
78147
67305
76817
9198
57743
60615
27693
92628
79908
44856
22450
75984
75475
41245
80513
48463
80889
59811
74534
13474
63457
43081
84646
96530
24724
38587
28488
22453
19767
20517
56397
20295
25849
49529
37447
17385
49130
32223
1329
28441
33820
57534
51686
21298
19776
9236
77814
82883
19356
19473
41950
42995
86476
13753
85735
33109
16262
17397
62501
30178
88891
89684
61119
97726
73143
36499
11626
59576
73749
48341
24777
80818
53387
56394
46500
19526
34755
29887
19360
46811
96238
60979
61818
96548
81664
89380
35423
61825
4056
40976
21975
55142
13204
29581
98674
5829
108
89698
31148
71020
88977
90538
52084
66778
93103
81764
75667
21859
62223
20149
56079
48875
39979
79257
49893
11329
63129
87038
22939
50272
75832
77516
77753
98395
44671
25307
67634
43818
65181
18929
1814
33477
8094
46471
80828
14316
5529
38475
25345
22271
23255
54010
63263
68637
4829
73277
44518
51307
79527
70784
83155
4093
66170
99165
90121
31134
5244
14509
18660
16694
55378
56703
40538
71707
89265
72016
9599
35331
27680
91151
77525
57014
89072
72958
2286
48295
48625
63491
71399
51101
43623
77496
4487
69444
13537
27554
53187
92197
7987
62542
88083
45844
44060
34838
76913
84863
50944
85501
67230
90856
579
77696
38642
72600
9331
81191
49623
12562
55371
51431
92812
17047
85892
70577
4817
89187
65112
49429
12849
90333
63530
15327
11695
9553
39146
41256
99056
34795
32938
87271
40414
35713
21020
37066
17918
74279
75320
8681
87944
6414
42956
35109
1546
94585
35317
60340
59433
35208
49522
47267
77756
84779
23458
93484
8962
71765
590
56414
60687
52978
80704
35102
59506
50313
78749
46152
54024
22416
43532
47326
50849
22535
59493
14525
17972
16420
60872
21448
79908
22286
88529
21906
48142
8903
17951
8407
24028
6597
78264
37066
44643
68686
42976
85085
3154
33467
17110
31110
41012
64134
65509
68670
56648
79244
56048
87041
60454
2027
15522
16826
9355
34028
29110
99082
58431
45387
23128
42867
33499
69715
90334
87898
60733
59173
31906
64725
89811
6827
68026
48542
31599
15464
72806
75663
34543
78902
25175
10802
9943
11499
95046
67099
82783
77357
77855
74986
25435
12838
60882
83631
89633
79188
12370
26638
2764
47406
12349
13770
52729
79282
5339
26180
99599
60133
20252
64255
4776
68712
27578
75473
2925
81731
7807
62867
14893
9895
27764
59205
64955
36063
13916
13174
51848
83657
61914
10863
28772
14620
71785
71602
48187
18779
54756
80017
69476
48099
18110
27562
12443
12500
86588
36251
48134
42146
28006
473
41447
55963
67426
24531
14464
23655
35633
30512
66861
37219
45464
99457
36263
36849
68529
58677
89778
95780
39060
52861
45393
88579
88254
59854
1431
33012
2656
12318
48891
99937
17313
42239
62345
75842
64684
60535
49436
42888
91274
61032
82162
22825
36579
2135
63013
24669
84594
90597
36395
6745
12604
13297
43244
15435
89648
17843
66949
36938
99856
58224
96866
49322
91742
18585
20954
63925
28986
82699
78281
15909
22311
56312
94083
6080
88444
25028
57145
64398
85783
45542
97039
85233
19559
57921
49578
91869
36606
12802
71273
76091
50279
54775
46350
68951
26109
5955
26167
55218
9238
17834
98575
51125
74610
60057
15472
86280
29651
69677
87219
69733
23078
40475
40318
72411
80691
10117
35189
87930
19058
40839
55247
15856
4204
9715
14889
65927
83770
45506
55719
91527
84808
52
93464
79757
95215
49506
87508
76110
89356
73477
4911
87985
54989
89759
67169
76503
65282
34705
28500
45678
40514
24309
36116
56700
80646
26909
6668
40471
87556
59275
31361
93528
46689
48016
70148
94510
48193
90895
70662
93267
68858
37364
15459
49471
26560
69889
59800
50194
42354
62481
18164
72343
45664
98585
82973
83681
71276
80825
17260
61529
83045
24086
95805
50928
8623
51400
83424
10817
87427
67598
79402
38567
27553
7981
98854
34105
72337
72670
53339
12273
95105
92326
49657
55853
51403
66706
59112
70884
19115
86168
85831
76266
45545
87253
27209
21027
61316
30159
85758
64732
37556
90908
7057
98578
33898
44667
82190
59283
87423
64898
527
44234
12193
58758
89672
8551
70697
19390
74882
55328
44174
40929
59698
63244
86824
88719
82645
71169
70573
88655
34631
67145
45934
19288
68386
15985
592
45152
7231
66867
10988
33391
10550
6108
11927
77659
36504
9438
132
35365
53453
89212
21255
92197
29456
79766
58320
17620
43745
56791
61877
78956
70750
82473
24700
87961
79860
39298
33585
90761
13024
91976
3045
11700
6079
58391
68385
23056
29672
57374
5644
64886
64905
62522
69431
24187
35586
13356
73735
74500
48907
99556
50147
77897
32126
68937
49303
69886
82377
29180
70236
17810
16628
8828
97902
89304
84084
71356
12002
24930
43833
24447
77003
45167
289
42678
56008
5412
98916
43282
55301
65650
46472
10136
30283
29889
92472
122
72352
64359
57775
7012
87127
82083
96309
34474
66763
4376
54436
14490
67274
21698
71732
75518
66118
8699
64644
91518
77350
86382
28351
96401
16955
36785
1147
911
60502
39995
85753
47347
31185
38569
87256
9006
58888
56789
95737
73422
62764
31607
68836
70457
19360
98237
55014
75874
29345
16616
75102
21964
64314
77770
55813
73721
3396
97545
5761
89593
40092
96206
54853
81386
81501
10222
83809
9880
88109
52692
29430
4963
42216
14262
25040
96340
95069
91963
48347
47653
72950
75218
56241
98289
27452
2692
11277
97332
87482
38264
14750
94310
80519
83046
97890
44239
16122
3149
38300
15104
81286
90897
96049
94251
60170
4015
15860
41929
23572
13528
77837
12035
15716
20128
78220
28851
37141
26891
8287
61057
31889
78575
40756
59518
63743
14989
48084
66550
32985
1355
55952
36132
279
50976
56421
76471
56219
66153
66964
52474
6336
78583
26454
99133
33991
33933
27170
97711
29047
92340
29171
23725
2418
4726
49582
78828
61588
43471
7242
26028
82397
97744
2220
96355
11298
12677
95821
5103
9059
44015
10758
34861
32832
78175
82538
21277
46659
60609
29499
52244
27874
60973
11679
42482
14472
38884
99336
46359
41379
41846
91487
6023
27955
66317
25963
72021
15960
93353
80024
11769
22365
44830
56245
66434
22553
38407
35345
14044
68258
72372
39802
92247
42956
58294
11293
30266
8397
64954
68016
86768
60276
42918
10898
86320
98159
62120
40359
54344
94947
43888
35748
62017
71726
36674
42308
46122
32239
13436
30891
29523
73014
67513
25531
28006
49324
20996
80591
83170
40496
92168
98822
21149
19535
10433
82611
22236
86883
56823
62828
42157
54078
87774
94927
54601
3241
96192
92149
37889
58656
83726
91894
17564
26017
66254
43625
41813
2054
43603
6123
34348
35952
9380
29392
59237
56677
37328
39830
40350
34006
62495
76584
79507
118
30003
47054
41170
14665
31950
86881
67062
28416
77303
85739
5949
10184
81404
56899
36617
17566
83512
37011
32169
9119
12712
4118
79777
82564
57347
7642
48391
9297
86011
13799
65643
77306
20670
54000
55867
19838
48024
63165
78819
51372
57776
11839
20822
27994
11298
51746
71210
70927
47205
74380
68252
15538
66473
3126
80920
4159
88119
62796
77372
74562
75820
63145
35429
76600
26123
26395
65511
22808
62326
88714
68270
59334
83317
67375
58408
93019
90602
42337
68022
33184
62272
68144
45561
78766
13985
15036
56538
61523
19799
4728
41897
83934
69310
67603
54796
26107
22830
94713
11237
83565
44409
19606
71040
44016
94987
59513
73767
29516
598
44753
55524
4576
52368
43954
37038
21418
32718
2508
8990
25168
67978
86183
3105
39447
18148
6405
40765
54221
9134
68018
45957
42401
99834
3726
53592
21447
73225
82681
27441
40085
72634
89442
20386
3133
77679
54554
44101
82689
84552
32645
87803
90868
42126
45778
42945
20831
32618
29335
81710
28237
17921
45718
85453
84999
54296
38759
84440
4091
45893
85461
69804
4611
12031
7834
24506
22344
60427
61215
73265
1134
64599
67002
50586
44430
57906
58558
48326
56616
5806
21653
5442
98888
66140
87878
3705
74707
62749
42416
27911
86166
98550
49932
77038
14211
75319
22983
20727
83971
17491
33955
71337
251
26239
6371
47034
46117
59674
90241
91819
67680
15636
46012
25599
85814
44641
42199
10432
21831
47893
67881
81858
64793
31068
20744
57115
3518
49024
10879
27975
41806
85388
93761
58794
25684
62140
93258
41427
78344
29760
55432
55166
71791
37179
26090
99982
52223
15565
27101
66314
99073
13570
90690
69643
17631
4493
10977
42008
67941
6481
91626
66569
22528
6057
70384
67393
37803
76597
99761
16641
97916
43371
40715
35318
15265
51914
67678
5739
11876
92111
27314
59089
88230
5370
23404
94618
91550
7600
68252
73939
92412
46253
78341
62693
79083
43686
91537
66303
84833
3481
6754
43914
52309
29239
36609
18677
72644
10501
17843
5346
4733
74608
17599
68586
10385
73700
37828
27585
74942
79342
27205
42161
45967
59732
80955
18279
30560
16477
25593
24735
45074
86399
60056
54264
73204
48561
59117
80499
61733
89921
78679
7766
90161
7643
87185
897
84931
29635
9021
63053
53051
18949
47268
17395
18481
21348
2029
90195
62844
33057
89821
64516
78642
14093
23174
2605
38971
52675
56612
37155
44698
69470
14583
58557
26730
64568
22530
12062
12817
55493
16661
38657
62591
66105
29884
40097
49789
64533
59521
47018
88225
41222
20852
53810
97939
45687
26446
21767
26516
8222
68322
42999
32719
22386
26180
93387
35038
54065
32286
85722
26338
30474
65500
61649
61510
42371
71072
15050
43834
51453
23200
10051
23558
84922
7866
3912
36451
88403
803
28913
62233
64226
14998
55579
52978
20129
58236
60790
86169
17805
66655
33449
9444
52793
80970
82887
55212
93954
79131
46758
75567
60876
25023
26666
89190
87689
7522
11910
90405
2538
92675
49041
99969
90710
9644
17537
98772
8785
69000
73704
96324
47918
29195
62820
31446
26911
71121
93096
70313
22171
28875
78865
38504
30411
42767
49113
93373
31903
21926
70965
7938
47570
11367
44540
99573
5546
67116
80597
43783
29615
26682
38821
51813
82275
91538
27249
37565
95446
16187
77765
89488
15515
98357
73482
13323
66470
55005
25882
40389
20791
14500
4736
32147
90171
95939
91939
67601
61996
94305
61831
94004
16013
7911
83581
72484
81142
69811
75471
45150
83591
38130
12962
83552
42202
76762
89047
81086
22150
92192
48594
60364
5123
7631
24829
31599
11957
12485
75468
52629
32855
92229
8193
19369
24509
83847
36704
43667
86955
53095
49997
65592
2490
67007
31591
67523
9045
55227
23746
49665
16545
35883
76608
3823
70971
39034
92274
78114
5964
47333
91884
44494
82914
87133
9057
49992
25296
73355
28119
42544
68577
86022
28545
29518
34738
14790
35937
36563
15896
79206
11158
34099
40316
40667
80819
64115
23615
27529
6880
60540
93733
81973
41297
67737
13602
16477
67419
31432
55463
42924
39738
839
21474
6329
79452
1780
69493
8431
44931
19331
15040
26949
8191
2397
19509
91716
50544
87130
52479
54773
70094
75393
34196
74816
69553
30854
53207
74739
93848
16131
70850
76041
52989
18358
32017
2474
26737
10618
55307
95455
85872
78441
58233
87308
47545
90791
39625
96988
5458
51316
80340
52811
45592
60925
80568
37845
68910
55311
15486
71057
20210
33617
20145
48757
10242
52039
7207
12006
92884
44504
85015
17558
13295
26526
77478
17604
20569
91706
13073
81982
58486
10673
78714
58541
97164
74992
26121
78490
44399
25614
66487
29047
88150
17250
43622
35374
6419
23463
83070
98015
5682
51015
53306
66296
59074
87917
34035
7522
21847
25218
74177
84702
2867
62986
11466
98156
63344
13433
30048
73378
66843
67591
63971
20037
68178
1830
70447
49192
29714
37437
26030
72679
56638
18105
25433
89095
5731
31700
97793
53590
19848
77020
92516
23025
49076
84138
19633
31661
89292
1586
64869
23754
94970
4091
42180
11475
11539
3817
54637
86420
69908
49167
76418
13008
38378
46577
8079
90126
20982
12734
23998
11243
40076
86687
67742
78415
23323
20583
22070
23904
29330
22980
7016
13729
59089
16292
52158
2314
35524
87694
81514
9879
3936
4821
46396
78236
38818
49950
30815
13001
30235
92009
35578
23473
65158
29798
91243
24427
73833
98672
97386
24023
10678
58609
64907
73292
94522
39360
58015
25672
76228
70401
87000
45926
23548
93053
86125
97904
42268
97158
83159
23444
21322
83121
37572
5138
90536
25373
50155
38725
88274
95626
61200
56149
47970
32682
18559
10695
43514
97927
91579
16880
48825
76214
57789
56701
79243
55594
69874
304
27488
94879
30042
12454
26495
41380
99316
22970
17703
47863
46680
19299
3946
74062
86351
66538
91104
3607
38004
25531
44639
31648
9006
71852
12562
22945
85182
47556
82043
46521
51427
92889
18683
22787
49979
87317
7485
28568
91728
81869
64624
25084
52898
74975
64960
80398
19674
4229
4814
21615
32701
89080
65064
71814
51860
22672
51508
33850
57872
34659
94806
28853
34714
8929
44366
16546
12343
90737
3974
99627
57165
18156
52518
65764
31865
77259
70519
69722
12734
4720
13586
1714
99979
57931
47491
14265
22651
67528
15299
84712
59953
18142
50778
58246
17920
94032
12688
75118
13172
20321
72517
24153
50615
39687
43270
69902
23840
97920
73880
26234
43984
12665
29794
87029
65781
20143
71187
34947
60615
11638
25720
6879
67550
9657
54869
77056
37868
77077
80440
44338
52938
85915
68863
56596
45689
77653
34399
16125
48178
64998
88118
43702
11026
29086
36220
74773
80749
5032
16074
15981
78233
58043
88521
18257
13587
67003
37709
28852
67573
19944
25898
56585
84322
44102
91967
31058
89697
53839
35428
98402
49062
63590
39908
38680
31552
1483
55921
46341
40976
53507
53023
99031
68235
93998
22394
70605
51142
56248
26248
46798
57686
38359
17124
70631
45007
89440
87879
7628
17299
95376
37535
66268
78342
12425
48250
29046
12402
48904
13897
29713
39443
39774
72414
51078
83028
23715
48953
41268
1315
68505
21452
20150
84895
86168
7135
45245
36736
64661
87632
82113
29207
88536
73513
12159
17855
77155
99876
32674
76538
35833
30293
64246
51749
37805
20817
58391
78237
82898
87900
31720
70831
25577
13500
19853
1255
12231
54157
27965
41901
8728
43489
85877
42847
86574
87864
85889
60103
99960
51657
66284
24581
60431
32768
70383
38092
95232
91506
74189
11694
88453
39148
4962
25556
60709
40752
42914
43789
11953
48221
5343
560
42897
44225
25707
15689
54227
9541
368
21779
74922
93742
2114
45072
84744
77799
94790
44438
99780
48287
38827
40812
2234
93692
4319
44484
82038
50311
81148
24790
43029
78570
85968
77600
529
62398
13572
60616
26750
5082
68725
23613
73000
36947
1210
16887
18902
30991
27939
22304
99707
78727
15508
75734
59249
70367
25780
75195
67295
50254
64758
49487
43973
35693
42310
74467
5801
90279
99420
69231
72246
79173
56453
15109
72797
83785
5288
31910
93172
40971
16322
81596
92579
81809
83220
22511
24605
27420
39791
67607
48839
84821
60273
33792
42618
96460
89937
18564
92925
28906
2167
20552
78194
83105
29341
53877
69937
13546
61127
78095
4322
63823
67451
93272
89585
86993
71829
42632
52422
35825
59395
711
47425
65891
46020
47513
24740
41950
64076
65027
30105
10323
95949
7123
92638
50707
29436
43933
60202
43459
90363
4047
61049
71813
26857
75004
16870
29079
2115
36782
42201
32184
61867
73468
85721
1739
94148
51399
33710
35068
67328
5859
1342
558
72007
20778
24702
17161
80001
11621
90339
42063
44231
91338
47533
32437
32798
51292
44455
50329
66381
61778
86366
89107
92797
44544
69377
65315
78028
9599
56610
88330
47340
43227
47994
86277
54964
82042
83018
37233
80916
98851
65637
8763
11530
92108
46244
45184
5979
99224
68456
16337
78308
15508
36690
56297
10422
19444
22426
37667
20487
26943
98377
32729
10262
43377
76383
2792
18370
65250
13364
21767
88217
51332
2550
11639
10896
4087
32924
3084
25495
1827
78414
92065
41727
33122
91014
15829
69740
34915
25199
96219
99237
46461
78706
29762
80737
41013
81881
43516
80701
89210
11310
81182
24113
45115
44541
56232
10700
41230
21833
41465
68174
42800
29809
72601
95656
3307
43930
67333
50626
1206
66635
29727
12134
74978
44768
76013
5019
93428
55125
8166
50207
18074
27254
73699
18720
80058
15428
44509
75978
64691
70533
10325
81527
59286
69394
65875
72766
89934
46570
68429
65633
1648
87569
26369
11304
23389
92467
85641
66559
47632
2735
13981
77861
46931
51026
3525
90920
12772
3140
22015
1329
80535
59572
53850
47360
85542
46434
86978
30221
93691
46737
19967
29731
7972
36793
23316
38162
43353
36695
87259
86502
12481
49408
14055
8889
35547
89174
86232
70273
82309
27484
47614
18283
34685
55251
88484
2808
57137
12789
31700
86494
77832
90753
67568
15113
98487
87914
70843
9406
78052
11950
86035
48067
9725
41788
31561
96896
38340
16313
37913
58332
75654
55428
52056
86613
29838
57652
38487
32081
37977
12533
85168
79321
20559
31161
62438
57870
67030
71486
3367
26653
93855
70998
38792
4801
3318
63211
58170
80454
8550
24959
90976
75166
88670
45355
75930
78630
41317
97988
67627
56911
97380
10303
95814
77989
92470
5227
97064
64710
60463
39291
57195
80832
15434
37895
17402
49059
52919
4965
66443
83312
12266
43791
35774
27345
66480
77604
13294
61964
64578
968
97992
99568
53827
70706
8496
71627
60252
21766
46306
47998
92056
80052
7833
31983
15999
14187
26390
84214
11424
56842
83572
85215
48362
24163
73234
45361
63840
37415
92900
86887
8495
45360
1002
86321
67392
58655
82944
50636
11122
66555
44273
47005
66538
97703
60778
27288
33346
73109
81996
10213
50651
25479
88015
24402
59030
34704
24766
38438
37558
40021
75996
45268
20132
68389
99465
39072
47443
4365
88477
80526
62768
53278
36633
80287
51942
99456
14555
71932
69859
742
98985
9834
18290
95849
36385
90166
42582
37755
48816
56896
5008
4874
17621
39130
84313
68804
64414
33799
21691
38314
97365
90427
68927
34207
86801
41673
39305
76498
83790
52627
37278
33084
51309
91386
83186
73567
9178
90772
60293
41154
29162
1686
96800
71044
56390
41520
39638
77405
9648
80891
92679
39810
12869
36663
61405
63767
4200
36934
10971
42508
15012
21494
18665
87769
26189
8004
47070
96344
83814
71208
60425
77066
2892
2811
92293
43513
55481
61954
81902
5291
54531
94637
39464
17866
67306
86982
1601
10347
53753
39566
50751
20806
24003
92562
14045
28584
75644
35763
85007
67730
19785
34034
57034
43477
21191
31128
24197
11791
77982
56811
17553
52774
85920
47815
66907
6802
10285
47551
91673
1024
94949
86232
78751
77849
21708
27087
79503
45713
3293
59460
12582
85324
41036
38683
58447
94145
76958
29000
15907
79260
33758
46167
5089
67313
98306
28323
69363
97402
17371
403
43690
51494
6188
96440
53165
54071
38362
74513
26735
58348
33207
38963
29138
38316
76244
41436
86415
20215
8425
56752
12618
7240
81112
10715
63449
4823
17776
62502
32079
8011
28385
80838
86351
97085
36541
44392
10859
80850
80125
994
28725
50842
2859
30531
77144
99802
61406
89845
82864
37779
43271
81203
49759
92744
19649
42359
34910
22228
80427
31519
25411
76978
6139
89106
99429
39305
99279
22667
72205
79240
41667
75761
55918
26295
32263
27716
43185
52411
89331
59775
26934
84417
85923
42814
84245
99074
80061
17691
64049
48700
65943
32874
35689
70482
96704
60245
80117
76311
55683
50277
99992
5869
26420
17303
92953
16265
61324
61076
45147
45376
8124
18708
77078
466
72268
73559
82949
73678
901
98483
13813
35085
42915
71174
33169
34414
2208
40444
15422
35462
88933
8755
49008
47501
63633
80276
89401
97331
16183
77810
58421
42885
62045
10599
72514
49942
33681
46184
37454
55715
28250
20903
32620
82359
52543
68496
16170
46814
2585
18318
49785
26230
49553
15835
63616
5521
15350
1068
27728
82517
10996
646
7948
3671
18057
25755
37836
74574
92783
12350
55909
57849
94914
54727
68388
20905
40402
40204
64904
93709
86117
14839
18712
77990
34754
5997
39772
92177
75955
1839
55635
59669
33412
83260
52037
98686
41411
77550
80092
73333
23064
19181
86840
48406
89094
87292
85836
25371
61474
42926
21000
95723
41644
11597
36116
78053
87502
69035
17261
48549
66366
46811
86176
48680
38394
79886
51178
54324
55481
68897
28591
74884
38803
17525
85325
6369
76656
50047
79590
43525
88591
82770
92743
23079
74473
39299
53723
3332
82993
41152
71506
79755
46771
84516
60269
20961
16928
82537
87821
88100
48163
31200
30572
6641
56089
12710
2357
95933
88946
82722
39415
36520
30247
4018
94058
91263
59319
67356
23245
37392
78072
31870
90579
74036
71593
94640
34849
26618
30186
25803
72114
4799
96130
48537
54332
50693
75042
83960
51338
95761
19927
37210
18668
28512
68757
97903
14852
25520
34930
12592
33318
25220
80907
50711
38677
68962
71401
38503
6109
79772
22037
30468
88547
16719
72289
12962
85515
97425
70835
39371
68578
13620
62387
60917
949
77400
3999
30354
89821
28876
77381
71234
49445
24285
61186
60750
12469
82021
72345
83515
50832
43972
51870
96338
25962
83587
70853
90936
31500
10123
96860
99557
19493
76636
26731
71309
27430
30470
33959
59083
74221
69844
11764
96373
3914
35411
2464
58503
2974
45062
49467
84672
60856
60650
63103
91462
16128
74882
20959
36249
14157
32682
95980
66616
83402
86432
69717
74718
54508
99726
86121
56104
14230
61229
488
14157
89065
67062
25282
55113
36356
96155
56476
41231
93086
17079
99841
82758
24619
97594
63061
41198
1925
76734
54614
16554
53770
57023
16145
88432
8669
42386
52940
45276
40473
50814
6526
32406
99031
77819
83399
2688
2347
13972
52541
83657
95245
29981
82508
66254
63669
69956
84638
51664
23503
86620
47033
45781
74614
59179
25530
23294
74877
62105
93094
31429
73253
66744
5722
22910
6218
22065
39502
13661
23721
88504
35122
45355
60209
92108
73124
83314
39044
24428
32313
32745
399
69980
32010
48306
78616
88130
84278
7928
56691
88228
36494
85982
66332
71901
663
30847
72884
46229
78136
22507
88120
70395
47781
75284
23017
30806
12785
73420
3081
43529
52035
56319
96221
79860
74197
65455
64246
97441
60420
82593
65329
6249
17445
90026
67015
18135
60735
7679
32716
82590
95743
36690
9362
31834
84450
89801
69567
80969
89891
77744
4905
50848
76776
54179
97238
60328
30770
43932
61135
23268
61922
24991
37846
48815
14125
87489
26138
83064
89717
73561
92810
34422
23661
80874
87981
28328
27866
35283
15804
49411
35694
80444
6330
97793
31343
24046
43411
43980
29419
25734
29928
18633
69319
6784
72124
64914
7722
24555
2121
74704
94481
61196
14386
20665
36100
76245
39161
5452
4052
68979
21374
20074
1094
76439
33803
5094
1129
14811
28816
15566
72806
7721
53729
12706
99292
9963
73063
71945
12309
99313
14385
55173
29964
25463
49399
49216
94487
65660
12379
71251
42199
67311
10866
96248
38617
85808
18358
37583
37588
11475
5505
40792
85697
14864
94258
70276
36991
17297
57176
30344
12433
42757
76127
51808
39318
70128
90626
63770
63810
92744
87743
55007
45976
80996
51045
82940
4807
22752
53875
63999
44852
52084
57115
37352
42580
11915
39739
95871
45127
3874
10109
36584
18322
16540
18340
76590
20701
45368
64653
63649
84603
15505
57507
56504
59277
97211
71400
45549
73331
6434
53075
56654
61628
3556
3265
91097
40945
46403
92222
53333
38743
33638
84437
50126
99709
24632
86409
3092
78245
55062
5884
184
48580
3019
90129
41458
6459
20994
31083
23273
88527
34919
56153
78870
86039
55783
40864
77592
35392
13320
97901
38139
13082
65192
36644
76772
77353
20380
40596
84538
72244
61463
76047
51265
64426
7131
340
79661
77042
79875
55302
66467
23600
51106
24400
3126
4261
80646
18133
88916
69460
60189
62334
90906
53470
3385
50575
65893
91367
29134
48785
13551
42664
52151
7796
84360
65298
49802
38042
8783
12802
59625
10812
13425
40029
59893
45908
63949
87912
89149
45767
1852
95503
22078
47889
38500
87513
45529
25497
20218
32923
41012
23347
10921
69123
73641
95048
58166
622
50486
48896
52773
85802
17879
17861
68912
4274
83644
70695
47164
11658
43718
5817
10805
94175
38455
92952
54336
74256
30735
48443
59698
69922
53043
16643
28076
18456
90970
73074
36253
90416
35195
70077
91865
28816
79539
94771
2875
47081
51919
7831
70857
14609
9893
31010
92642
41457
13787
87524
51712
27601
95385
41816
19942
6007
70529
54124
6761
23418
28471
18134
97708
60549
71003
12631
8030
75949
86888
24862
56350
84750
71018
19042
99107
64668
40517
78307
44975
69513
61138
83929
44514
43812
93503
51463
73536
66456
54017
53236
50296
30673
61568
8064
6459
47487
63580
12718
73443
16931
69590
10966
28514
57794
3900
32474
38169
45136
57462
61195
64381
89369
33249
38052
63080
94898
77317
85702
45571
62234
1416
39383
40484
80819
69150
90175
20924
88537
33618
47512
59734
37343
60931
73242
84132
51480
30540
99889
69714
42468
10802
76176
58894
3693
67636
45915
74602
55357
21325
65894
66973
84762
84014
21109
83732
98
52210
13116
20285
89191
82612
96949
35912
41708
89844
16542
18263
20851
53855
22184
38824
73828
26912
57592
95840
19878
45998
68954
29702
1286
45131
28349
9587
23555
98461
84918
99668
54318
80217
4943
17914
61752
2881
3054
46133
73171
15483
52841
40068
3772
32933
86954
82919
92321
49335
2901
11906
52831
28550
70522
22494
59293
23449
97696
94525
87604
85054
61191
83570
35872
54104
91974
55644
50992
83725
5598
45818
46332
91987
24358
7689
52382
46032
26747
81516
61924
70421
82124
47959
73717
66888
81910
39495
94716
81325
4179
73790
48159
13476
78825
22292
44794
70771
79853
29703
372
84852
4950
49820
87855
71135
79136
43944
95492
68501
81339
37334
83863
14699
70617
57385
90412
83447
64653
87140
44147
34005
59534
10263
36122
51391
72878
85194
27224
96255
46882
91691
29811
81592
80657
18814
32486
2271
58679
30595
84825
33303
82381
47858
40402
68713
23640
76402
533
79372
42356
94618
42380
19711
97367
30370
90199
14154
50455
65458
6111
60424
63074
47842
58351
70305
50350
25979
8270
22122
20819
23172
31450
13576
26734
1940
84765
43620
51459
58241
68526
51774
16884
5505
38808
93680
57123
27441
15044
77675
46779
9413
93558
99535
94238
61911
60713
71177
9276
45075
85079
83242
19976
95960
29998
30960
5807
25562
16167
62326
25028
54812
5795
53939
53268
62736
84294
59247
10146
80084
38832
95325
29700
80212
1797
26886
61979
15703
46514
74034
48570
9658
14617
83375
98705
84534
5471
90634
18261
15451
90440
22627
63296
39039
22378
23604
86254
69256
26309
79879
23956
24833
51018
23799
95322
76978
14054
28932
96230
22537
77685
39132
95214
34038
98925
37864
12707
5861
45037
62855
9589
60760
90579
95124
57189
80339
91165
19975
8217
12012
29138
12085
25199
56818
32568
79375
7288
52876
44166
72950
4178
18863
13946
78098
76543
25634
33379
87117
45482
25165
36398
44882
19494
50483
5552
98293
17041
38505
6186
42053
94288
85171
62094
67792
38067
99521
30466
66107
74940
45567
63546
4870
84303
46960
14481
64581
4601
27364
57894
95440
67096
95607
34370
55803
49364
87987
6536
90678
9077
78519
56626
9812
10389
1222
60399
27239
92466
17197
23268
81949
30062
76842
64066
61140
27416
14846
25742
35966
44974
85445
82999
47589
13792
18425
80773
13815
90294
2428
29083
43150
25155
31240
32715
46343
67294
70929
71462
37229
41636
80743
12239
11609
63279
78142
29103
37852
13152
38121
33559
73990
60764
8487
59888
26004
68927
96278
69591
62357
5620
35828
69434
52228
24088
36545
84968
5090
62777
33674
49143
81495
36173
37357
12456
15584
72990
25878
38686
22635
12328
14710
28597
71054
41354
85377
91391
15440
29289
80406
80531
20564
38154
52636
62537
46756
98235
18032
13897
26135
229
85384
65126
68003
35721
70994
77254
1182
80553
64549
44107
54250
94307
51617
75881
11319
7575
21606
40822
65065
97888
82073
50898
66763
88043
48517
57205
69704
41886
15482
92182
6062
59892
15561
91518
49431
35931
34429
3466
73259
39906
53744
8603
20046
7166
7026
79371
22881
57805
43645
10309
87370
76976
47443
46986
36477
54242
23121
37262
91797
30098
65653
84771
33644
56876
19506
64074
49421
82440
25741
89672
42866
88723
27026
17908
3177
83989
5918
30018
96781
4734
54515
83771
77708
67677
68048
26376
46848
57608
87241
52307
26251
19101
39056
18517
68391
81645
69249
98401
65468
35844
97976
80128
1533
98378
77841
83097
61782
12824
21304
22460
99307
17367
77176
20767
14720
54214
53846
58576
64448
87872
11303
34635
4695
2924
52861
83885
61840
18227
97512
7938
54422
90205
99575
8962
88340
35345
84862
51274
87121
73667
78732
42782
72511
19455
75010
83566
5412
44994
19661
17596
96592
30609
38291
71262
45027
71666
85872
31406
64028
69923
62832
18201
4886
83289
10888
51690
19520
82736
29636
12594
93323
34873
26724
69229
94580
1521
19430
23288
57196
60823
70980
27455
78523
88107
5923
36868
38580
62786
34160
56127
62444
9745
3121
99619
47500
80090
17404
27353
45990
20881
37829
48461
97349
53630
89829
60846
28591
15199
63911
38261
9871
49567
3426
38382
36950
22748
2592
60416
2227
69933
66322
6674
32564
32133
82790
25835
34916
76727
28911
25723
87506
69654
26616
30551
22204
60043
54979
6558
67204
28784
74048
83925
50722
69466
51806
26436
20176
48384
53757
87060
54767
13988
93133
3956
80827
52504
52785
37119
11469
35313
45775
80033
34997
12295
7626
58550
59886
39411
98358
32246
71145
55595
2672
18770
3057
25785
83124
57808
46461
14999
81589
50393
77497
85837
96894
60610
24897
72496
89353
67519
82819
16095
87662
77279
98784
85487
86717
91209
71441
19741
24638
58020
43398
95681
39348
7369
66070
43602
9096
50175
50502
1559
74469
28733
44838
11182
40104
15443
88128
62806
34627
95767
15711
66589
89930
11910
2961
46981
66572
79254
32093
80290
4007
99101
20582
45791
51925
63097
96035
33279
19786
29039
8368
82646
61401
52246
44008
52720
78878
95146
95378
64546
6930
1201
22502
23971
49585
93480
72133
9072
95344
51379
28053
33619
53712
94767
29962
72275
98178
72873
88988
33315
99696
29346
46621
66306
18867
4015
12496
37947
64241
91472
87115
69359
28588
2549
2475
99518
32118
23673
71477
7648
92356
9999
74206
87743
39326
48997
86677
51123
78278
23006
25312
19783
44897
60627
95110
54178
5532
46286
81255
39028
43394
10063
83671
61796
18196
12968
44965
1838
24823
91904
82432
51067
63498
97601
73980
30872
62194
50226
1994
52774
44628
6968
69908
73505
79146
40950
77157
44952
29627
53382
43626
85091
35679
19188
63893
79340
29138
57684
81252
67920
21307
86879
46269
6940
22073
52236
94342
10452
59960
56412
8835
33943
27599
22002
27279
19944
96866
20639
70932
37826
99403
43044
61119
4025
30480
19619
52126
20198
92088
23735
54897
38633
74973
88545
27253
27748
41518
50024
60796
84937
801
22620
64724
81447
6623
64781
55047
89915
99254
88596
1397
95430
46301
82837
22482
45461
85850
13105
88380
84417
47062
99652
9300
23242
50247
78912
56871
37305
23455
91583
83457
81047
68900
1918
48663
390
33006
91309
57421
11310
21347
20344
6626
24549
40889
59011
42393
32863
66047
21969
75782
88645
30895
71360
70311
4122
24585
40228
56466
99917
39309
15071
92658
78846
81494
46280
38455
54378
61188
53838
34350
30399
68519
18240
47740
61312
93389
56700
94878
66704
59722
53204
73063
70634
4723
66603
32448
11145
47448
72876
76192
82465
20477
20644
53607
49927
69624
65088
61722
33100
92526
75655
21384
38275
71595
73049
29090
19272
64161
28511
53953
9834
14304
87571
48107
1377
95418
48638
5547
27583
59077
22300
79925
52052
45116
24125
81463
41353
7583
33147
51460
54484
54760
86664
76425
54694
74541
82330
41888
47006
34679
20401
37340
97229
60893
70523
52467
66531
87947
53703
75900
29314
62041
40600
77923
87604
84588
12974
11004
83704
3631
4303
74695
10092
71090
41036
11262
64070
76603
53352
11097
75640
91660
94998
92385
95435
56398
42173
31170
80670
32866
55976
51036
72216
96962
38047
79625
42687
96118
20687
87696
99018
42381
60569
87803
11183
67227
73099
16689
81387
37733
88767
98478
56894
24358
93243
15993
5329
70229
9185
98865
12678
24163
45869
33127
22708
56047
45975
60832
37939
162
42188
14321
72465
20310
79096
62935
74423
778
77307
31942
17082
47015
85108
10687
28490
49163
69970
73276
1661
58605
97924
98374
14105
89536
36013
45978
81865
2262
27995
98137
68959
73811
74905
3797
49833
13686
72397
60629
77935
64316
22883
13814
885
6999
4649
24724
99890
2192
43808
93077
65963
33725
599
76223
26140
23022
29031
60186
55658
25928
54606
34938
2752
65139
12805
63304
84827
4236
85499
35106
33137
49474
95641
60889
80637
36825
5996
88670
94418
40606
80210
32852
68447
70567
79463
18195
30120
87117
90767
20110
10286
21670
16379
47848
29514
71688
43126
28360
76060
3756
72095
4225
97219
72700
7484
9075
95119
23484
34731
84250
78558
39934
794
53481
73548
958
6532
79082
15920
12531
10767
57212
5339
57497
78543
58069
25474
14348
38183
15983
81881
9087
26219
80689
53170
878
38341
80899
4465
31781
25396
1184
64924
58368
83971
30165
81790
81564
10777
67985
21518
80219
12316
26806
7388
74811
35643
89522
25139
83946
75033
42077
54617
52694
75509
10079
59304
34464
8981
59798
24575
42328
68981
72956
9245
2265
97188
73343
77446
46801
24803
94905
75605
69040
28505
69151
79618
67579
60092
10937
21279
35962
45237
68687
62603
93796
80988
60613
49037
7727
24923
13665
99535
83485
65508
39392
63253
57292
67723
97277
34386
52813
30232
31716
27706
68722
1515
31874
70786
90607
65457
20488
5366
29592
18506
25137
98949
11238
11673
21191
61163
12770
74227
90944
42918
93503
95315
81517
70882
33171
18115
58703
68727
88097
95018
58882
13262
98847
92537
89743
62802
25069
10223
96931
84699
78172
96652
31084
49244
23295
69089
92167
77536
29615
11318
67665
65441
30435
81662
75291
84889
52803
74568
96648
15299
40661
81297
50774
20429
5198
89036
57739
75596
26756
55947
47594
54674
45427
84038
44321
87349
80716
52566
64172
17824
82023
40926
69381
31672
29255
29118
86276
89129
57854
26206
10991
65358
99419
28247
13830
90079
85409
20695
81278
8809
82262
58362
24306
30273
50104
54866
949
51139
34607
98693
53623
1136
82189
21794
29153
12018
9145
13615
70463
76802
88517
90458
28436
6466
77367
95780
11481
8278
57547
78710
32846
26771
69611
91559
7984
1012
95963
7056
48322
9002
30447
21801
28984
97400
27112
38540
67458
86647
86862
92693
65912
63118
83421
75530
80167
88409
31041
99074
60374
45092
30904
45842
65282
41592
51947
20037
6231
56267
29549
19869
24614
33429
75502
70050
59482
31537
58571
2605
43439
96415
24142
81729
74375
16191
7768
48940
92275
43826
54830
66271
66422
14206
56844
12863
85728
35596
7334
18509
23171
28949
81662
94088
25096
59948
25331
41566
665
85614
76248
67110
74504
45538
19026
60331
16173
93281
65502
45733
60976
46735
98770
30444
38266
85998
35670
64479
60356
42560
55478
14816
16377
21570
51966
58982
80323
11022
45810
53308
16664
90662
51648
74660
96116
36242
94980
55521
10194
26949
88876
73423
75647
25044
24226
95565
44272
467
88274
44592
41278
493
90668
85154
40937
36584
30447
8244
44694
60469
15126
94547
92466
61234
1604
78556
6283
77300
57194
7416
54468
39666
33307
79114
31100
95146
11626
31144
11063
87411
86006
99764
88584
21462
11684
58628
71145
85374
21521
10143
46661
24337
62796
32927
17753
88170
25381
43463
47474
16259
98592
46527
24134
6323
90167
42930
93100
10684
19691
36340
59135
35219
9371
18052
93107
80957
16849
13256
59196
4972
38905
46375
32106
96132
42038
25878
419
97906
5146
9851
75367
85124
73023
62147
50463
40558
72127
49001
68110
27492
3104
15112
18143
10451
24920
25779
40063
82260
18839
40510
31110
77255
82389
27785
24093
96982
8864
29867
68252
88689
78528
89478
25549
89249
23757
58418
17282
34406
60321
46446
63342
50190
20092
63021
28450
59699
95709
26833
25872
54195
84965
40492
88682
16961
92904
1696
36852
15195
83490
37410
32008
85801
29525
81705
11450
5906
1869
58863
81334
88140
56057
46377
24342
48335
48831
60868
96603
34989
57492
95679
26647
65112
43685
18187
80875
89149
15751
67011
75836
5639
32015
49214
53084
71364
29323
81577
88652
35549
59818
19529
69547
54062
79326
57713
19202
96021
67261
58366
25235
17457
47925
1608
76563
47649
2641
87125
70346
96307
71995
42503
79066
11177
34332
66263
97328
6952
23545
64735
84116
3628
64234
79086
94364
64823
84983
80144
7638
10695
29979
25867
67540
31318
47289
45994
43531
24212
50572
82313
74680
77304
9508
26221
24550
61506
87694
36162
52859
61725
97390
127
30113
15863
16314
77502
88387
8050
77212
57773
401
74660
8905
62310
64473
45964
92512
95021
24067
26592
10832
5799
24565
59636
1017
44001
14702
60645
98126
90431
1848
62760
82061
94663
35691
42954
91410
41990
15782
36387
87194
52767
3323
27505
10539
76204
15348
54941
15186
14133
62725
49464
84607
62857
15449
53628
16792
79705
74972
60863
55868
9118
81796
72113
9912
63050
53021
58016
63856
55817
63027
37105
58989
34002
83118
19812
2421
71547
30105
94394
25338
41219
44147
46796
17554
47691
62064
40915
36150
94008
13774
85820
67057
12531
90026
76936
21495
1666
13838
19324
87171
37828
64903
21526
30818
93294
48462
39987
38695
57500
21032
33626
89393
18720
1037
20202
25670
29737
13939
21998
82780
48149
94669
9517
84877
27386
87644
25229
28819
27945
63837
11572
53882
97451
44457
98806
32925
57001
16862
12872
71657
2778
18176
95043
5690
57984
95869
25071
46692
64700
68704
25592
74146
80546
5579
6164
3925
38558
40217
25252
23614
98576
16883
33358
94862
95326
56987
52042
10248
80216
79445
52821
32645
7004
88806
25007
68885
92151
60677
62098
91031
79915
39613
40604
79020
67643
39984
42712
29930
16777
79850
11163
68731
35684
86684
28557
71712
53455
4705
55281
56450
12953
4293
65885
27822
16659
10744
91531
61176
7621
28137
93018
72015
12441
66826
53986
31784
94974
15974
76606
21861
56518
21381
63215
8566
40809
39629
9772
10656
9243
76635
81452
89633
7099
13824
95844
32734
61470
22889
17282
85272
11534
30009
35421
4333
41955
68803
90993
39948
53005
74048
35087
54420
54
33905
32733
48838
39688
76657
9780
89238
31556
31393
76741
26136
31771
50491
95895
30094
94228
94597
77290
99053
21682
95805
36865
65508
3049
29890
40242
25075
57121
38068
26109
74446
39204
16545
92569
11684
80004
37833
53487
67027
35643
49067
99581
49646
66029
52102
76881
75605
74493
72340
90781
93653
10222
62582
5213
35296
21142
55839
99304
88194
53340
13630
83465
27028
83587
23526
79394
15087
9838
53274
11040
47318
68459
88299
25891
96651
71065
33317
24704
56880
83823
3389
68909
95423
26221
37335
16105
49732
91768
78856
75645
12384
64160
23293
89808
66486
1141
34528
56087
64071
27329
80836
49795
19288
31083
6711
97913
45287
92101
42538
59332
5326
46195
64922
39726
36349
6700
85088
52692
24861
13434
42562
4403
66909
90879
4337
39913
92226
59568
8216
48310
72372
4525
67105
24457
62610
49917
64204
16704
60281
68680
29482
51113
94659
66655
97261
59116
42537
1283
96160
55911
53594
30339
17468
20938
71943
72573
27928
28750
35437
44909
59908
71278
29964
71504
42723
41897
31329
98475
81035
18804
72452
42099
69337
62034
20435
25474
89797
63252
25674
23351
62270
78289
56147
5839
75691
30304
31577
74966
65665
86402
84101
78737
80820
57745
80405
64132
48762
7805
55351
88526
87662
71712
70306
69084
98469
20009
23106
987
31317
22125
14110
51014
4998
15573
57544
1173
9151
41178
37871
86382
11025
48036
79557
98524
99198
86935
85284
76572
14672
64046
70405
28389
13574
27677
88228
9938
92791
39360
38
9512
11892
69486
71945
76584
38353
67752
69404
85325
85857
58704
39287
86960
45315
4181
15481
28786
71433
12702
8296
67598
23730
22437
12816
27591
62115
84428
20413
85379
29844
37529
19678
11988
55584
50546
21569
53857
53182
93903
59022
72321
6275
4182
26136
71312
72172
59356
31715
62638
72760
39215
55386
28413
94360
86662
27166
84465
341
42992
92439
78243
40831
74285
10244
35977
73756
38555
1147
20406
91368
75045
33083
98408
80805
72938
4152
17802
31302
8492
66571
68931
85607
56060
50038
9
67999
73493
48765
5826
64832
11368
46661
66229
75001
8505
20418
64185
78026
8979
60372
91475
25189
70468
38201
32181
72616
12407
30717
94693
99454
94774
11951
33440
69403
41816
25922
62770
15423
42897
67155
23589
45553
37270
67001
3474
65621
62442
56870
90570
74328
58534
79925
43169
45620
89432
1382
26221
93235
82459
43565
83397
21720
99545
3661
76061
31909
114
80348
10035
68154
6276
92154
44216
49644
61115
41342
79394
22577
7537
57210
87956
77112
89914
59529
76552
37034
83248
97862
71715
93086
20567
98364
9537
95729
42494
29532
859
71085
28117
4280
18370
18427
86634
40628
78143
8990
13844
40115
34163
51678
2954
95526
24448
63884
47606
91526
27387
75115
52764
66476
55325
10631
12756
96687
12260
54023
64880
71322
59819
95762
18345
54627
40426
81505
52096
55253
72720
22557
32205
8069
45020
12149
10722
28597
54185
73187
54651
23252
57414
29679
63976
19313
13612
43812
78856
6053
64887
75739
25826
31489
63280
81689
19106
85831
56879
65900
52
25627
80404
62589
1087
9736
13446
50134
90516
58061
95024
60155
10976
33765
56448
73166
42864
36120
7125
80295
81147
63054
2540
96308
73976
53379
87600
28831
21285
79664
90182
82679
24852
65144
88049
8650
61332
4947
4915
72029
74786
93333
58126
53135
79973
18472
24386
38518
90433
13217
29909
65210
76440
23692
69273
43964
87912
13288
5110
60626
29819
54913
96081
37073
56810
82765
13109
47458
15008
6174
40147
45601
70322
25655
66989
93856
40305
99914
18823
3172
93354
75363
35167
99798
51349
65126
93423
69959
90141
52634
65088
47775
86532
85700
82488
4603
9843
20322
72943
31488
79802
57730
54219
64350
34427
27526
49554
7376
23148
31690
84710
98824
75344
79996
39047
69282
47247
52872
93097
66311
86666
8889
43565
85416
8909
72278
14510
4528
62782
32417
32106
12483
34697
72707
33122
68929
34780
94695
73370
78870
59204
33330
69481
89533
15681
85778
35393
10960
20657
60683
17222
12667
48783
29906
90109
25747
31234
16841
58020
28766
14273
75869
7439
46227
71567
60064
71767
82127
71661
35143
23023
46980
32490
51062
55625
8711
12233
92826
799
18789
97056
67658
61640
6569
91745
18876
34459
27778
99098
57154
68390
88920
63707
92104
21493
73674
27923
26433
7311
11400
7155
5388
89154
13600
44859
91990
64391
52744
51830
32562
47535
94333
58726
73228
59764
72404
95153
98815
41165
62025
51027
97190
73088
53216
83771
89349
77207
66657
8188
16305
58499
21036
96529
61866
40268
84102
46894
17015
21432
80254
81120
19798
9542
85810
48133
65773
33171
86809
97478
20093
81643
539
29572
79619
3473
98686
15843
75110
35709
25569
28757
593
77950
10265
49301
3754
47066
258
66677
78082
62450
24959
44077
19931
6399
23174
89416
65944
12486
23117
48499
18061
51576
29655
93058
99472
44383
23289
97709
44074
4981
86780
51515
13855
73855
71707
84008
50122
85214
99250
45151
84361
3082
92925
32958
79895
55252
76933
41006
72049
9841
66471
76291
4464
14606
93231
35563
90318
52765
95208
64538
65395
7986
68276
50599
61997
36679
25533
49915
9815
90365
98533
3341
75823
48765
2581
49250
36887
97086
29425
94709
67073
99502
76255
72210
99968
79609
27162
81737
73828
84303
51440
9200
26015
16349
4019
95705
71934
14054
94393
67058
42123
84407
39592
60882
40829
52902
72879
76395
50381
18616
88960
30555
27476
34703
29420
73200
14498
56104
58325
30470
22116
61811
30307
54645
35198
7890
91237
18885
42360
49133
13124
13163
41458
24962
76220
79692
57378
30304
57834
91197
28378
7099
75434
35365
13409
34192
12420
8902
57341
90270
24512
84950
47969
42824
33379
90471
5451
45477
32697
59102
36628
82311
49185
72265
59905
10876
31005
17534
44552
48945
67846
47258
29114
88130
64052
44081
92375
85874
75175
14931
52931
62795
11242
66624
18899
2528
35387
81786
8701
73054
81907
4615
6193
60450
90442
60382
48954
37172
35286
74068
6703
78526
72391
68016
60941
59956
23947
77716
23298
47932
67684
9500
16057
29744
58983
34821
8728
64518
34812
27480
64550
23286
34965
55828
38406
17602
23454
64814
40100
85294
61619
82660
52086
67970
45294
40499
44316
60542
11358
96621
69610
51925
14621
69065
13539
37678
83879
71020
89441
3184
14027
93447
19977
89336
24206
77692
87582
85127
64979
54204
11105
78000
54926
681
66159
69863
10622
1620
14465
94572
14608
37287
61592
47719
67339
99987
15883
22752
79003
63285
92779
97571
12580
8527
57421
45474
78721
42854
31122
32852
55111
7919
99337
75229
81689
89939
22857
89390
51060
10391
29190
12808
23593
70261
96200
76760
63283
23789
59463
97347
83729
92943
68635
89013
56640
19206
11658
66097
86537
97317
72456
93544
77249
99242
62045
9497
38407
85892
26424
19805
70573
44994
54092
26976
85847
5743
74771
49077
95147
84008
42766
20883
50249
62172
92930
68934
84185
8530
88491
39322
60459
7681
17711
13617
52198
56069
29774
98352
61672
77045
25419
77864
94125
81918
30
93182
19389
64828
56901
29447
87121
51098
61801
5628
95243
1403
15631
68740
9626
93389
38980
9357
66093
46530
34697
53926
59320
30966
22152
96613
752
30132
16849
17642
87106
22847
55595
49109
79693
77212
77839
94032
68024
43631
4443
58729
54361
13044
96712
12908
74214
94387
99319
4414
58222
69057
25845
50982
1145
4671
70143
61265
57200
13869
90458
27666
22187
865
84692
6240
41691
91269
10323
57867
43904
17131
73887
36814
17016
49774
18571
70353
19488
95411
57583
8316
23610
94255
23355
99789
44308
58216
79642
98725
6465
82665
45185
78367
84136
21690
5570
76599
8504
9082
90931
83490
28490
27254
37384
13671
83695
57291
44982
69529
16769
54852
75681
79547
65366
20851
29169
908
60895
28853
82122
46040
87710
14362
42071
77872
91573
88698
82829
15572
92503
34172
77821
34164
55553
22076
68689
92411
84354
45375
911
20807
74858
17718
59391
54431
95926
64715
58022
66955
33131
40452
34454
48760
95247
71759
16395
57095
27613
99090
47717
71574
87936
47664
4057
4136
10548
44263
61056
19015
13276
52833
41318
46143
23442
64789
91991
34448
32707
69297
24171
10217
54186
5296
69873
55864
25364
79571
87884
21997
52044
10720
79185
99285
15120
44020
91397
73246
32388
3291
14931
31054
26912
62414
63826
93066
52088
29916
67218
80893
14582
6918
28579
87073
38290
74929
24563
13318
26522
93962
29517
13642
27627
19185
20482
10556
69817
28459
81313
34778
261
52679
20513
47951
20712
28719
35199
49681
24743
479
70441
22416
92893
76010
72616
21961
30165
76276
50871
40495
47893
41912
726
5464
14582
56076
58495
62589
59913
64323
24637
41585
86090
81982
93805
38527
69153
125
52862
38777
25524
14111
19552
80949
86183
7198
34505
70194
68763
71259
44391
39093
65058
9652
32634
24140
7198
84401
54585
82929
13237
52328
57166
51546
23988
1168
51806
14959
50998
58226
13250
75182
4245
13147
63502
26802
99572
53022
17760
30146
16592
78254
2492
40946
5968
77660
12067
21856
27442
83779
87499
81
81176
94926
32384
44578
31249
25660
26853
9633
45235
83424
84059
91512
35604
21793
23570
52181
89265
337
64170
54451
45066
42624
17368
23574
50478
40550
53884
75459
26290
31245
66215
36438
74651
77846
8858
54808
63620
90347
39560
9540
62048
90609
23859
98851
30635
23280
42595
18667
7974
33936
50687
31841
74533
64736
50230
89251
95175
45366
71232
12270
43972
84062
83586
79271
77576
44593
44043
55543
26557
15022
41138
60162
34045
15783
72612
26063
87073
14161
40868
4356
23180
47777
33574
93047
26713
1052
1195
93462
28655
52518
31085
88495
92098
20327
8247
44594
78719
88091
26125
37166
57537
66003
52380
53434
71670
79893
31495
64661
6115
9111
25743
2979
7643
7141
82236
69668
77658
97520
5453
32745
88014
76889
63070
85037
53286
83319
26770
2028
9722
95216
36239
98057
63911
23002
77943
93964
38731
30630
71971
58402
44969
46524
27047
17145
19610
28506
90528
36473
82489
86453
54496
31936
56126
53102
85037
6278
10684
53659
898
41515
88535
41307
56094
68718
23110
3076
91580
55160
10373
73327
39555
32511
24867
36408
55183
24340
79411
35020
99041
24165
79404
2833
22594
70670
22239
77523
72756
81994
74706
9403
65664
126
78465
96363
70925
72326
46748
93081
44010
67386
80484
67526
55931
51386
96790
49767
5185
39044
90662
20994
2920
40656
85355
3586
14132
40857
58814
81087
40292
16232
44738
37066
64992
48650
63059
40256
38193
69009
98350
92652
95661
94020
83314
7780
78998
43023
16959
64818
58950
32612
63400
2933
23407
71737
14866
884
51022
18402
39085
50855
37245
54753
57430
99015
83430
2837
30251
12363
6437
86673
60352
22535
27113
40759
25589
23209
64828
32084
13818
73879
5840
79307
39286
71741
99173
8810
76467
61950
97960
36190
55117
87847
88681
15888
18833
59245
46258
78133
84028
36277
47726
61390
8432
99366
48814
39174
16377
43943
72765
48077
41883
93445
52343
40809
86445
61920
94850
21666
76803
29455
78618
20838
82682
60510
5622
45282
47832
34292
17276
97696
67625
12122
23529
51859
30609
27687
79981
77855
90664
54052
21866
55277
15885
926
98570
62957
97430
98377
81251
43098
12943
90187
70424
7233
56339
47405
94407
3913
65974
50017
80350
60392
85765
46865
98308
1729
75289
27768
32414
96109
36947
334
34326
16839
38231
43384
58221
64526
60368
93082
56829
55592
51589
89933
62369
4160
93866
59197
41197
37441
41961
56816
48081
29870
24316
40507
82782
65906
20818
77682
58550
59513
87271
40180
25192
65318
21507
14551
18860
68339
84414
85722
47253
38869
92053
86395
15611
93784
11557
20824
64637
97539
48322
17335
97750
10171
41723
83312
13852
66871
46788
15627
76652
88585
62502
61725
77116
57638
45233
69864
3752
47937
24395
53161
79091
89920
67753
61738
12501
53593
42166
62074
5713
41577
27204
7255
89039
96990
80767
5268
33659
5697
1141
5243
55850
94297
63560
479
48568
67139
14041
27055
42522
65300
59734
36923
30685
21825
74515
42537
12627
75101
72158
7445
28099
74253
50353
35656
25618
44783
11570
54211
58985
79977
839
86173
30729
58049
5000
9320
83345
42827
58268
64116
53733
22030
38966
18191
80663
2085
54910
69873
46728
27344
18452
34682
18067
14576
83628
20385
27038
4425
72091
74354
24185
20016
84625
50381
72797
99260
74357
72186
20310
285
16793
16106
12213
49893
376
18874
67931
40924
51204
54116
3789
98047
57620
51097
26935
65226
68323
27631
54576
84125
11246
30453
23213
37454
15134
48758
46813
11314
20732
98547
270
82094
1470
87713
14805
21747
25954
29161
49807
49620
39446
52844
7031
92048
94077
52984
6295
9185
36396
14276
72367
19675
94936
6320
81229
77841
59253
4269
80775
55798
76076
98084
62823
43220
98088
7240
46436
61559
78389
53022
57265
33174
82034
61573
46535
97156
20599
54592
54892
55270
94745
15201
85608
1491
74125
28388
75486
83735
98742
99062
28702
63679
715
95973
70840
45008
71729
75467
93286
81137
34906
90434
89206
91366
77976
29195
63760
8571
33995
16522
91904
77897
26339
50
15253
29271
42194
73650
18085
66831
16358
18647
51704
77755
15251
54318
30616
98144
98240
63019
56001
25195
55776
62227
59223
56550
87039
57925
89945
21048
77516
2970
72428
22524
47581
83061
87039
52257
24155
4630
10246
16664
24120
17515
89117
1800
43998
19380
17139
45912
5272
78637
5553
42813
96683
71790
57756
36120
93314
85374
74266
96705
53432
51091
90889
45075
91574
85754
26060
19811
12217
23995
34855
19972
93453
83143
11608
22116
19665
98422
78705
37594
49228
62115
73154
75785
44068
28805
98231
81965
12477
9038
43123
70000
1336
79531
39676
33550
51657
79293
66950
66112
67429
29266
96388
25286
54171
16458
78256
10949
87954
82272
40729
34555
84269
64303
34726
209
19001
85034
6214
96950
79756
12794
63793
73450
61787
78851
6872
96920
60802
31677
89137
75686
35633
34511
85596
21185
77384
11089
11840
26602
43865
98044
61564
29559
34390
5183
74289
42116
84123
64767
49863
43993
99649
86424
38557
36866
50266
98717
51366
2820
29322
21251
77063
13022
48594
7097
79029
91559
86620
60293
13415
37668
36085
61643
37758
75439
28084
24301
77382
28159
67614
899
62442
19823
11151
22444
67740
3867
53835
91905
22447
3438
5753
15923
32375
91572
98865
43618
73452
8267
873
21721
75596
76435
50067
94697
19414
60562
41202
36172
75982
72276
6079
7608
21375
96118
97643
11169
61430
73594
36816
58856
38473
15425
26889
31636
19560
34161
93417
52353
81606
90233
82219
72606
15425
56455
36688
95424
66516
32077
37122
30389
2597
13909
39409
33510
7473
13489
86197
56755
71605
92515
74066
85302
13117
38887
16584
9360
52922
36189
22262
56086
91188
27349
75535
10793
76287
82737
86736
37443
76287
51384
90956
3104
54115
41529
50209
75976
58320
16099
84868
43086
83080
18818
16715
75247
12426
918
30908
46594
59943
92039
73142
61177
32864
99418
6605
13265
72995
15859
19294
75307
55767
89639
23993
14995
62157
92330
13921
48485
89316
78721
69654
27634
53230
52482
91631
99126
35126
35210
43204
7459
2072
49618
97375
30170
38013
90237
95462
4916
46973
1257
34582
81282
81622
76605
95423
36337
25041
25402
82472
59072
19720
41369
94505
54692
23257
17056
82376
59983
49025
53123
99143
16714
64026
53166
81504
42272
73366
75980
94144
10197
70333
66309
43843
43706
86826
52009
77377
57362
50426
96958
9291
94811
92881
49687
54797
51216
32916
81422
9767
11422
10267
81296
84117
61518
12305
90605
58296
93468
73230
50904
47084
56264
17382
98142
87783
5990
15987
80160
35868
1477
32145
26770
97367
22242
59618
14762
50928
29205
52505
30294
83394
8501
69934
3393
41521
15790
97002
412
77803
90532
22864
27175
75148
61734
69436
33920
26013
95011
94021
76822
69796
720
91931
68642
70357
87717
54983
38972
93352
17045
8538
82974
16775
16581
6583
604
75855
88431
35274
22718
32522
60806
30556
13240
74646
13206
24421
16424
20698
45170
10083
72313
21470
44595
66054
4314
752
72901
66
83689
71642
88182
8936
58652
78805
63051
65078
30603
53617
78535
84653
96667
62156
33174
85990
30851
4238
759
69554
78262
46433
88973
56371
66702
53332
46047
57372
25573
11107
29987
93927
75138
89391
90406
32092
23398
13222
70806
97657
53014
1562
97291
59182
1312
79645
47448
53899
1075
50491
77440
93750
79908
78712
81416
76334
82775
62842
88741
78213
60187
20370
77861
20501
2598
41944
96303
70116
2245
93301
34389
93910
13414
24135
3896
58543
73530
48032
95966
70625
94523
20157
41470
91480
10251
1552
43606
61705
32216
52529
7874
98490
36989
76370
17955
55973
60980
80654
1164
42779
45452
68288
24591
3953
47639
15283
68678
7134
71222
17471
62537
50116
51239
30700
35973
43559
77907
79925
28161
23186
62310
19360
50044
2045
89630
23970
43713
70279
32346
82143
66050
15286
63173
59645
38779
32043
87643
89812
93894
44954
10446
58968
85227
36722
55529
52825
89595
34924
50054
69508
82800
90281
17980
33388
64247
71225
80551
92805
95928
93270
98731
66723
27619
58084
69572
67047
44944
48298
18406
93832
79815
41494
28916
36322
5887
3701
12884
78349
15544
57426
98872
2452
98625
6419
22306
69805
85519
25367
19280
351
73213
14166
48165
92051
79783
53943
21309
93197
98164
84389
5994
97314
78712
61250
96548
56479
57743
93541
24594
34480
29813
994
20541
34206
99319
59373
91523
10322
69185
66565
72081
89737
47994
16161
67568
4560
3338
68001
94118
90257
8370
34563
57872
21484
67713
36370
13343
72643
1179
34461
88487
74440
81142
15054
10896
17866
47296
73301
29253
6141
7961
71179
44751
29901
46573
71368
27252
99306
99224
89067
77117
62083
97770
91993
15369
84266
38960
70118
72895
15384
23930
24007
80476
55134
18106
13023
86053
21446
86449
7696
26588
45072
27858
23926
33991
67446
70304
73720
57
55101
14668
94939
1357
28088
10917
18762
279
91410
53714
46552
64737
53039
86981
82630
81489
94297
74713
98078
65888
78526
77670
81731
85256
51350
13618
19832
86208
64854
89430
20587
94020
79986
44592
87228
66678
13482
34274
23517
7401
40909
93595
3130
66586
68023
31564
50798
86288
79708
16315
43491
12153
87284
95202
90720
18675
28695
78370
42059
10684
71497
51854
79856
34637
55952
91654
16674
60431
32760
32390
99558
23083
9298
5223
62243
49209
43139
86639
89108
60332
29612
77987
45339
59193
75749
23603
30788
1801
65661
31608
34228
5055
45441
11132
73009
60419
54775
54640
19333
59385
9083
88036
17042
17082
1672
44084
16598
22014
147
70645
91890
3024
33687
5716
63577
64371
83688
61627
53132
49213
62152
7400
11742
27185
99314
2611
91913
26573
50486
71790
88279
21317
71461
71864
79
36817
32812
66918
35735
43497
72477
79865
23006
10805
67003
53815
36332
74643
78403
23564
46412
53467
89459
36365
58771
37285
47071
28463
8131
81525
68056
59477
16330
53404
57977
86819
78519
41928
10611
81695
72533
77345
6101
10133
13755
52055
25561
28250
50897
81938
68255
42485
31903
58431
63747
83168
80909
73736
90120
22478
4192
13790
14666
24020
93103
35224
67509
3245
71759
83729
43140
65687
36835
39050
11690
83167
48169
80726
89951
36045
98208
28052
39137
86864
34549
82816
9715
3057
46850
74517
21144
85473
7113
95292
34063
89225
84522
24274
36463
12347
86681
10574
46077
59424
62235
22051
63070
38239
46693
92366
10181
18963
43980
83561
33299
71389
71724
29765
69250
86997
11197
28590
98518
68728
49045
87177
97788
15404
98923
97342
1702
63779
11547
8489
51288
22439
34294
76719
1522
1438
92272
87978
17078
23497
7151
53903
20159
54812
47135
40797
70219
35371
26099
92810
45979
20854
31842
36633
81357
86134
20291
27371
43934
45829
97951
11843
77097
37888
75895
94301
56413
60372
15610
37180
27791
14183
6310
57949
50884
72877
14830
63693
81674
78773
86161
79324
61531
4411
12666
63342
45233
64244
28429
26470
92723
67158
69689
14913
52141
23500
99355
82887
41178
30513
70238
97209
45124
70274
40191
74233
78817
4163
2170
44048
82338
52288
62778
30863
46097
43496
47763
13273
73698
65206
67036
52504
21621
14903
16443
20586
92807
5898
79226
44059
94453
72383
22921
57345
27329
49669
8901
89605
66428
88088
83874
20580
33714
6737
23314
67689
23232
26701
62473
18705
38237
94632
41593
883
20420
6811
87129
53619
68199
43843
86708
65747
94861
50825
38540
12463
18747
34294
93811
31112
56857
57243
76782
83375
38820
4252
27862
25447
39052
13094
58352
55804
51978
92197
61742
87334
92581
73572
23135
91813
47112
54272
63123
5185
44982
9143
62164
12643
97447
57525
85674
48466
47448
14488
59227
10393
1974
5790
6367
18927
61410
29271
11238
85358
85204
57448
17068
1138
13172
80554
5779
32826
79469
88944
69861
9821
7200
99170
21642
80327
17415
8770
1884
86470
1209
34780
44745
1638
76284
53620
80230
52680
83144
33777
1700
45184
38952
32045
18432
34592
87028
86314
40185
53182
77970
10226
15082
2500
75039
91586
14256
77033
62747
12247
50399
34199
1532
59784
20510
57069
1617
25223
49040
73168
49877
98027
39471
18761
29549
16649
26511
37022
6181
57301
40502
78232
98125
50442
46061
22637
15719
98498
93160
25646
57456
74713
46396
90513
56704
22341
74068
39109
78046
48442
32036
93388
53349
86839
21799
53338
59118
45145
56362
12804
38361
47455
80979
42387
26931
9416
8211
17741
68699
39765
99345
8406
95607
34377
29551
4553
89912
73741
89957
9044
3887
69931
15592
62962
19485
56112
416
78100
510
89310
15335
81368
85653
39221
55319
39155
71660
32849
2043
85983
60803
96874
87422
50829
49635
16661
4685
55780
93728
39185
62512
56422
19788
66185
79981
96938
58781
87443
44185
48156
7785
53418
72964
6577
64922
48569
83240
84085
68216
43625
71647
89946
48173
31639
8581
73986
17080
62002
94506
65992
40375
36083
70524
44045
93964
42237
21416
64868
63390
93543
1762
42046
70981
66953
78535
57085
23687
30494
29064
39338
30026
18620
34280
43
89805
16149
17159
70886
24213
57852
25369
89988
94934
41653
51026
6798
92220
85860
34097
13551
98416
87324
10962
69042
13250
2963
70406
38255
42483
57608
68595
73625
84743
53977
15530
21896
3081
59359
34946
48185
10511
76262
83978
63536
93784
500
25339
50581
8386
65350
77145
60427
51177
65970
15250
27627
3458
72353
97786
92934
85122
66164
18041
10869
12140
69128
76354
21068
36820
18632
67224
43742
38190
32523
26661
48972
79065
16486
3525
88635
11719
60735
93504
70002
53066
66885
2739
17347
71485
87257
56672
62542
72310
6333
8729
21077
61654
94588
51331
57214
74904
9963
58241
61506
95230
30582
61420
82722
14390
81045
95096
53048
68832
34111
39838
2194
94602
29501
52889
29122
96051
33362
92992
17143
18714
15197
61008
77393
33348
62708
78544
80591
14058
44802
247
94189
64055
65597
36273
57046
18527
57815
2133
20932
75464
53008
3175
89102
12033
24185
58017
72687
43722
84629
38932
15211
33920
29125
94646
59937
83836
39625
96880
53662
57159
62292
59890
35634
70482
78532
63846
8912
2976
34718
49965
49473
82706
67762
21067
74514
85515
98718
94490
2903
62321
59157
65448
72856
27619
77898
368
14981
69984
37170
43568
47910
12947
92032
73203
90859
34154
22163
34836
17270
54280
51385
81831
56498
77839
64109
67202
50752
67340
36791
92058
80973
66677
35120
1410
75692
46573
63015
60556
25857
85590
81121
38757
71732
81470
93961
68415
86185
62912
70941
58543
33559
68656
27460
61047
28390
81059
422
23144
1846
88926
22831
25826
84198
94092
99391
57677
71783
77354
90506
20641
62962
89202
78413
72876
39535
84071
23691
19365
58572
62318
47029
47923
8946
88695
87017
1843
22677
15766
7096
23426
626
6479
48680
82364
79769
91240
83647
65950
90903
97784
65646
61676
19366
64348
24904
2053
67804
4682
48588
44406
44870
24174
40106
77905
86371
22453
714
51276
55570
49959
58620
22524
85317
73908
46991
57891
76083
26558
99794
95885
23955
59415
59941
86433
65647
23159
92291
44829
1507
60700
28377
55039
35043
35378
95962
34236
59294
15934
67487
18169
86774
10880
15213
96523
64050
51204
31467
47048
7586
58665
5091
64652
30447
67217
36042
531
41323
47825
45446
63933
39955
38723
4054
57350
5744
49372
90861
19546
30626
44024
26527
27266
86268
97100
48745
37572
51074
28269
65338
10829
16062
47919
85523
66788
95006
44307
277
53456
21843
600
34709
72007
15510
93823
81059
43593
47438
30350
59980
39858
46840
64704
96913
96511
24510
33626
72935
63257
31164
41835
87198
41042
72038
97185
47893
65195
94362
42192
94134
71504
15569
47529
35101
49226
66392
35522
25705
52403
65231
42708
92627
61226
75321
19997
31149
99099
39269
31910
9588
61772
93935
91960
97586
44782
7534
53620
44742
71141
29364
62632
54791
25241
47516
51820
65284
74409
36277
47966
58970
50418
59223
70003
99149
91854
89266
48476
80524
54783
95510
58422
89626
84901
18168
22220
51647
73208
39055
50119
25889
20108
91652
11940
647
65846
88145
92231
9995
72183
38415
20256
46370
85583
3640
17897
52353
15016
12218
86057
21296
8273
55033
19276
47824
66340
68276
58966
85250
33862
87380
41413
49988
29331
7964
72274
53452
54659
61509
63587
53510
57449
83388
83365
87120
18561
666
72105
79214
91814
53573
20356
82554
76721
90100
58484
87153
8890
43947
35094
76349
4020
45479
93777
83737
65416
27073
76038
99261
22044
96972
1060
80271
89704
30027
44912
8244
68010
93702
62824
83406
89985
84441
92571
57378
44594
35302
68997
67778
59412
8620
57336
62406
81222
18164
23876
54813
13256
61659
71716
14737
79032
62058
33580
82960
37148
90033
74616
65137
27341
59908
4468
55372
61289
41717
81333
73909
91061
55300
91868
43374
49109
62975
59096
17434
58317
14705
52476
16420
65515
45232
24960
58176
64942
95298
54132
58848
18927
58987
9095
77159
31026
29855
64302
12926
16590
79706
36837
83332
60683
20058
48527
35873
50054
96649
22068
22196
15442
1258
3195
9055
21903
53890
21708
49287
26368
32421
20178
17679
21775
12490
56489
65076
19327
49694
87625
42422
96250
76910
23602
10880
93666
50695
26471
96179
79537
24566
14364
49383
72140
29376
51585
53711
94690
91481
61420
22900
94342
35808
55272
42494
66085
23179
87026
85001
27521
729
35177
25449
37119
78982
26932
64814
30895
68666
13311
47027
54630
15646
82409
1625
99996
30334
20156
1447
33012
17554
80847
72754
4838
45941
97279
34164
59730
13627
97655
97551
47680
97241
60248
73055
16416
16641
26384
87522
58714
17223
83768
18741
23540
41550
90945
61225
75206
8346
9112
62496
7559
19942
81929
22114
68864
16189
92812
17799
75217
35204
19052
86192
67587
32270
59245
13761
32876
67472
40713
88035
73899
41507
34442
39685
17296
98185
45735
3257
62602
19392
18278
84468
33833
31735
15330
40208
93036
17570
46219
22236
75331
81498
83110
62530
90187
33945
26603
43345
76763
78513
81929
64122
75987
62316
20460
49263
39941
85077
28863
48937
39684
19223
9506
96636
59428
96045
60327
96165
45493
33741
10774
22841
56848
16572
16677
79658
21659
12695
98259
31885
9400
77240
40205
29133
97871
38633
6540
36018
95725
76042
84850
93584
51957
80705
90120
34896
12221
246
72837
66300
78870
48615
14603
5115
20157
33522
78702
72194
29415
41786
2521
79789
23595
46603
22557
27644
55655
91354
16679
22890
75288
21495
84861
49752
92463
81024
71436
54235
66298
49011
99127
22661
21656
60082
72797
27742
3380
42952
16586
31396
16336
32715
50466
27952
58265
74460
63564
67068
831
28318
6131
64261
47220
56675
70704
40591
70628
42928
39165
49848
33545
77956
95016
9411
58639
14490
23023
3590
65076
35782
65718
52945
47497
5167
80083
14119
96150
15858
94175
6381
81774
89139
75882
73838
14638
63290
98020
36301
65957
75418
18918
61258
97268
32642
96845
52903
46416
28889
96830
1019
25442
80389
19986
35528
62710
99286
26780
24934
64501
31657
94042
19565
88060
90573
41461
60096
39912
1823
29106
60022
56805
97289
68231
42059
79650
47075
30052
35219
1616
7818
7144
52537
85350
28010
7165
24466
1275
43856
31982
5107
61406
1706
82108
27311
19476
32991
77059
88059
40918
75224
5104
20556
62414
80792
15992
28517
93227
6252
15912
63363
7112
86116
58705
73145
26804
37120
25869
60782
68511
39793
66226
55216
62345
55980
40997
3385
10837
16036
97246
44162
26523
70815
16828
12042
14729
39695
70764
15511
89888
75889
66791
37049
40058
33997
21400
45416
85771
54746
97041
84690
31811
76858
55046
62393
20496
43574
63752
90152
45844
994
23377
99732
99327
21549
96327
80918
39142
66440
46209
18730
31213
6734
28519
88966
8936
76845
98494
28320
44356
6775
9044
91320
95341
26064
96736
62349
8306
68575
46818
92864
37890
93092
15246
60141
71533
41900
40672
57171
47435
52153
73965
67374
19283
88256
59863
56713
98422
19545
58543
84980
29826
49374
30571
30303
53020
35887
75352
49752
52987
10364
84175
82795
3934
26117
35836
27494
69425
98540
29901
32535
72517
96892
80773
18731
66550
73124
24817
70862
33207
300
35307
7416
41429
19754
36192
48290
21169
53186
3405
95105
93808
41773
74837
61983
26135
92569
63673
65893
23450
1912
73861
33652
17491
71320
87858
69124
33001
92890
42700
3096
59670
89054
37132
83266
10789
12146
92978
69704
31642
39426
81029
78424
33476
40040
18128
75701
72882
796
1737
65342
81726
72825
65378
43331
6155
58802
281
75035
94176
52848
52310
39465
56099
81729
20461
66584
11886
81127
99991
40925
50115
48672
60120
66526
46810
8801
70601
11933
40326
28728
38029
41998
60294
69032
97549
92713
95450
67848
64893
79287
98657
47328
77617
80940
50370
70503
60808
66479
8624
54716
76258
15342
18294
82154
58831
13629
34246
28789
35616
60337
95176
83652
50606
31303
49405
77744
30029
20206
65563
22993
95399
55301
57611
87324
9689
93743
92222
60409
82695
20733
94022
33395
55680
61916
61903
21457
7510
94737
73935
16659
21647
25394
91195
24316
92501
92859
29254
51003
30529
78388
75502
29053
54632
57785
38716
45190
21659
93523
95905
99995
83364
65593
7796
28368
77404
89506
59597
33933
18511
46768
37264
41984
55226
87177
58055
66020
13978
30673
94159
49933
93023
65717
81119
11820
11644
34088
65522
38
91998
66258
40685
28358
4301
10595
46350
30551
36275
49431
35733
30816
86907
22663
74669
79762
96484
17062
30107
16597
59007
31895
87946
50046
60170
47110
50208
68601
46995
78749
17103
73379
49511
27012
68484
89798
51163
42414
80732
11913
65484
56307
67211
96738
79795
92680
97126
28926
83707
72299
96505
37040
61506
43147
10567
78532
37720
57609
59180
46387
21514
18610
39288
89195
21263
66229
33706
49025
70969
86536
81701
18117
26244
80146
6880
78036
30416
74529
48
61006
90049
87266
93612
65994
46627
30568
28328
17607
33812
83384
62774
86962
10062
79042
11645
35533
82461
42093
49555
8948
51005
77312
94641
28757
96132
28636
92245
58388
20822
46093
35409
25908
18595
52632
80947
36767
82647
32162
30659
70345
99452
32955
42673
501
34648
84715
25922
2948
85458
22284
33268
29992
94306
89251
19708
96761
51265
94445
31573
83369
13517
85096
14175
65785
62985
64449
70808
17151
68727
57032
18951
86364
58713
10416
33280
52101
55294
9045
27400
63251
29734
72396
49115
93611
29819
15955
17570
19434
53560
13681
39730
99076
80953
84145
48176
75142
28637
2050
93293
43277
5292
66198
98839
75493
96473
93374
99253
17474
52283
39720
23267
61098
15174
81392
99154
97971
44151
58985
85996
35949
69602
24658
7415
36610
29634
11739
12491
85256
20565
30164
48773
62402
40939
75433
65454
95498
62050
84936
89177
7281
66005
18498
90539
75587
20069
58298
4201
16795
34863
87346
74019
32821
77057
4892
95178
61317
37781
47706
20137
30158
17447
99589
73382
82718
8508
44254
22655
45264
63034
64922
84675
3474
47391
58633
71016
16371
66101
36042
98636
52235
83186
5013
89482
70173
38444
34443
84575
66402
19442
99456
25189
80334
14873
38263
12861
6149
79125
89491
2181
79735
96363
74590
85386
42616
47600
46633
53689
37255
33962
72440
72632
51932
31314
9706
99082
91886
81024
71395
45268
82985
7129
66608
37610
22050
96698
8566
8754
56930
68608
42388
8113
24944
80180
24300
38682
73914
69721
84501
81401
95321
14079
6653
57625
11184
63716
83397
93558
61849
97216
21422
1422
5121
27067
51544
26098
60067
91387
36018
65945
58407
9422
17094
25196
52883
4
68541
73397
44812
15983
76490
92269
29413
67023
7081
40524
2473
62971
10497
82221
78689
21543
37635
7051
9746
67182
94407
19567
57190
92369
18428
152
26673
12414
3357
17384
58845
88991
86580
67095
44449
57075
37728
91495
61412
88646
13516
73842
49475
48339
83556
87345
69142
49522
25455
32722
47139
82357
76057
46089
17821
66497
80310
45658
50260
3203
83324
14441
3286
65819
29495
14773
74450
23894
16742
21738
37458
59253
63526
33094
10265
9787
60610
94390
22991
87310
63927
31897
28360
53932
84362
34015
41578
43180
12856
73916
37220
7387
3298
88638
81374
67431
52349
52689
67969
89308
87789
50875
64718
18629
36035
26886
54997
75040
99328
55354
26273
13693
58481
66019
77556
44365
90003
16378
96395
38648
53276
22211
68125
20444
99274
76039
10186
57311
88794
32283
53772
60536
52158
98237
96745
19507
59000
20391
83375
96698
38600
65072
67690
10551
17597
58591
67373
8994
54417
83631
95852
68693
18564
42350
20845
70735
92344
70982
69407
25975
51566
94983
88365
24122
39722
6568
22112
48802
85722
94274
82748
73694
8879
34252
66737
23023
22828
85865
96191
51738
43325
5133
39561
26586
89615
64768
78361
60089
49681
17768
43644
3206
96301
85927
10158
78623
82801
53706
96317
56749
25044
80093
31290
72491
23675
743
74084
73579
24982
67569
34343
59433
4396
3714
52893
39931
72399
25382
83918
19298
84171
41691
41584
70489
43247
51780
8214
7215
99129
45307
72701
23038
78905
8942
72736
72916
45435
58484
75576
68603
41920
76867
64329
2359
9029
82264
66074
51455
90687
73035
15506
15811
69219
95976
27163
81874
84008
52332
44270
32386
63628
61464
28553
93655
25803
37977
23120
30847
5743
32544
85338
823
59143
52889
35438
86951
86380
99589
53872
384
28065
13120
15336
18042
90646
22049
28288
97259
70943
88071
20914
79671
23638
87327
59213
876
96257
74710
68520
66068
4958
86668
37542
86308
23816
24272
95691
77843
161
68450
95078
61777
47075
47573
74152
4547
17315
21613
33475
66846
71295
95847
62317
20562
2820
82253
23372
43072
51540
70026
99282
12606
21189
57931
57743
69447
85564
8866
11252
33804
11042
13768
1399
74071
28122
80301
50242
92839
42454
45031
5361
26838
89906
86505
64825
25137
40062
79944
92874
855
36156
52474
29039
96211
41521
42591
52878
32726
33174
10414
21353
2452
58950
69055
4459
55932
2596
85538
32857
41548
47791
97875
55963
82809
89990
1249
91998
56581
15520
42350
21796
20882
1708
3759
7257
10964
27730
1513
98210
64125
29303
86380
88725
62044
19779
82551
53093
6289
29983
59547
64406
18110
70421
29928
68043
18808
69550
75590
70145
70922
78847
15531
76617
34534
14505
84643
6186
52411
52503
63052
37849
68123
31751
50838
73559
1720
91426
25540
73622
38461
98393
17138
88578
49304
77332
78804
19944
80013
1046
73484
35305
34338
19350
73351
29588
3714
51015
83701
62434
83653
5990
29339
2160
5041
78486
9518
75037
50881
80160
80
46732
52824
27085
24831
26654
35049
85169
67199
38284
6896
1950
27851
53259
83371
9125
66187
81368
37368
35107
91347
43991
8730
86907
99862
84203
12085
94195
17249
32969
16963
82920
90758
43500
85492
20430
52964
15313
91350
70697
66812
32967
30791
42233
93049
44292
92807
86591
72025
88423
75095
31413
74050
1426
5056
97363
5237
70275
14069
94838
15296
44047
67678
17480
36579
985
83030
40707
25845
27429
40533
93405
99274
51384
874
95148
97687
81065
93592
72114
82730
59520
16520
78317
78796
84546
87924
92756
7969
43973
41975
55630
58772
91625
35236
5611
62558
48330
59047
33408
10331
98817
11767
5980
31948
66439
15263
38517
11101
30196
88802
61666
30245
35676
94472
33945
56526
82501
51714
95050
39610
61696
26480
9110
35870
90245
54484
67917
89780
60714
51910
51206
77927
41230
74767
83740
37017
74488
78968
98326
67321
30479
59547
19698
32144
84007
40810
32670
37691
17810
51560
8758
68793
36955
95996
53246
52320
97829
99241
32101
41693
39699
85603
26125
46966
62390
80818
72052
51126
1764
53008
31986
88314
49479
22521
21956
57868
96298
89995
27469
77544
75566
52910
40779
48979
34485
53847
36081
25673
92300
35869
65611
92694
25811
34144
36367
64859
76134
49862
92217
13994
84839
59428
97806
10096
13857
3341
6986
72631
88852
90116
75437
29006
67143
83230
41163
16725
85046
81253
50969
1203
6854
34463
12362
28443
29256
31776
66575
66857
7430
67519
41774
92632
37174
17705
89676
45884
55040
78296
79234
30260
97933
22163
66063
99113
14420
13278
6297
43876
14601
91149
37441
74096
35227
80372
3868
70129
18060
55308
30116
4861
27986
37418
81375
23709
64884
35322
73997
91216
67542
52132
96461
2486
98098
71437
71548
79110
66773
60395
16357
26348
79740
1644
71771
34072
43696
61329
57954
39110
72923
93473
66075
53427
33722
61439
89365
58881
92279
97745
58119
47514
6919
30705
60275
43201
490
71184
7725
1778
43757
31489
6642
99775
43602
60253
99882
77213
12231
4472
45574
43003
49180
2022
79490
35217
72653
59813
54566
33046
27873
51738
32405
68935
62459
61766
6874
17274
9814
22441
57545
78255
17933
88257
9581
8589
46026
84380
76569
77295
82072
2334
99605
2837
66113
45623
52140
95765
32118
67338
29683
85476
69112
60146
73444
87350
47444
98276
22291
20017
34146
39910
68325
30939
62908
32123
68100
57928
14328
68418
57514
34002
9788
18741
46429
94313
42197
77028
31609
72291
39059
2573
66293
25567
69072
73697
65021
20241
64581
56914
99919
82338
39210
16405
83877
45203
98220
16776
95669
95496
45531
80699
52815
37089
11459
98119
71872
60797
74424
69115
27232
82446
69647
92669
85730
22995
61772
22620
18610
6162
49079
40977
17071
60585
4620
26037
6256
92
4140
36640
41868
77309
78500
51469
19986
58797
9455
21396
42836
82519
35542
88883
40440
30857
31216
64309
30103
6984
23811
78783
31968
53862
92256
98848
22240
58161
37240
63971
85967
35115
97668
84335
11638
97683
2984
41245
1385
29817
53069
91632
19283
12941
23638
12321
72316
58508
94029
87584
88834
47129
31467
91849
96105
76561
32060
85875
39687
13409
75017
28766
6495
78505
86979
8597
847
51383
78039
90144
70140
69467
7982
60158
88981
95159
38371
55276
6082
61062
95555
43214
26489
77901
71998
40908
45959
75660
68053
38642
44359
33108
24255
77882
4490
42053
67524
6843
72316
75728
8859
98367
45297
14226
88906
63945
55542
10578
56441
83963
6102
11422
71855
34718
19736
10987
50975
68
43460
23112
70696
71537
68800
88252
31945
21400
46459
77326
63346
66179
70291
75589
3107
27183
50397
24711
63179
21029
43773
46375
14999
80414
43586
98779
81304
60418
30009
79885
59239
38049
75871
29138
33898
76826
36485
20825
83478
3497
97291
53711
1108
97871
29586
12835
88382
85611
4459
26758
29469
39847
65219
76751
96437
39263
13717
85407
1612
58270
68352
39443
91492
93740
30142
4210
81681
93644
41137
50486
49952
69802
34314
49570
79152
44943
70900
76076
12376
13953
83219
71604
39737
48423
69270
51668
13998
61958
42106
73603
35704
48464
12682
29189
49123
35054
6624
32229
21195
45407
53991
57311
82799
81410
36947
78888
64452
32054
17169
55307
45774
15327
66084
16741
72972
78930
71354
7670
98654
96846
18914
61615
64791
44555
56254
22381
169
56006
57726
37548
52301
40125
21909
71177
99674
31640
42496
21676
74817
8123
58341
35339
51758
42524
40304
32828
24185
22191
69017
55533
13236
62066
39307
73494
25813
45814
80587
56503
65246
29990
35570
40731
82812
65661
49208
22514
11965
26103
36283
76529
56767
10632
47557
12528
19931
23185
80703
29544
56822
76785
99095
64732
2230
2980
12392
84850
56657
40070
40937
38637
7018
64479
45073
35884
6477
58163
51920
63951
81468
74423
8811
31861
91113
33847
42528
95442
40622
64358
72074
90491
77690
12513
73523
80472
3064
88613
51492
23342
9518
79082
50782
36314
19601
22686
70863
39001
73583
90984
17901
64832
48473
82085
86256
56060
67687
90425
63128
27837
48782
81671
82262
47198
48539
32903
33880
8270
66620
8867
49806
93297
49293
50813
96110
55454
25645
65409
36062
44103
41665
36272
13533
90303
39497
53621
9261
80086
55837
24902
8796
69076
32702
8891
89118
5689
70629
72945
55723
71358
19589
35622
82545
11145
92250
53431
31114
38391
59378
1936
28520
41462
67832
3132
66466
28381
19420
45812
9397
7577
57084
11014
14884
44750
41068
87535
11652
79204
65867
24462
61155
33827
22226
56577
90694
12969
56519
24843
95552
29614
27030
47169
71623
91646
30933
32621
75324
96325
8096
94667
7202
45854
2323
28483
86170
5288
40980
59395
36032
55396
92614
11144
71798
63254
37877
46014
20
90025
87852
47720
33441
99919
40303
81707
59605
41672
53235
61821
53405
35915
75267
66548
13386
83893
42111
80840
14401
24205
85240
66248
37866
48560
31996
92040
72718
22748
85159
24398
92424
51763
92184
59901
59762
45443
17651
78022
14197
77211
39639
91927
77120
46866
40292
44747
34461
10336
86976
46383
55734
85116
42820
49399
56670
82618
5490
61159
70337
6349
280
98730
90504
32475
40096
68554
19125
55528
62775
68986
91399
84836
29337
59496
89773
16506
50962
15501
25345
67862
44071
60995
64064
15772
15291
88968
87572
41442
27585
67806
62077
49582
27326
12428
62908
94179
39800
90574
62314
10598
94995
80996
67332
63859
45464
98499
8681
54970
1905
14419
73240
29167
82963
28638
50881
84193
78296
915
92916
8299
8124
22505
68814
1841
63784
9546
18337
9514
34240
57966
7003
33455
94674
48641
95809
81451
41197
87318
80619
57448
91020
34046
55005
40020
59897
56852
10743
29879
63597
79772
50771
85410
21802
52368
65159
57306
89722
55667
27477
88379
51060
86252
4694
93877
27537
4587
59824
51230
30960
66032
29460
197
20067
79541
63821
62922
52162
68088
49210
35490
87101
13659
57055
2301
58815
86989
28879
82013
61299
64825
85361
58465
33742
43633
17865
62034
30476
36688
67017
62183
15179
72791
56028
94350
20385
45222
94837
81462
3283
98296
48411
62178
31549
92513
50853
96188
10393
69918
12338
19597
77922
98676
74871
71458
93542
53212
32806
91962
91407
72213
29328
73993
19908
72946
62505
71182
78118
70946
12011
9261
54142
11963
98948
35129
86464
73311
49200
94819
58064
40699
48233
87348
31798
61238
14742
60833
59501
11562
10551
34810
31453
50787
28162
36598
44557
22440
3851
20621
34506
84670
93130
52353
15037
89135
28391
32634
27026
14932
80196
61525
32898
90051
27473
18642
94193
43433
43093
39055
47710
71636
84985
5761
74665
33001
96685
78504
33095
78990
46822
92114
95560
17846
31702
22592
71449
93555
60426
49411
16484
10060
25583
81400
68047
35358
87685
82004
26633
17458
86844
52577
64773
28509
89696
20885
98607
42181
99029
30613
25452
67529
38200
79383
33211
88297
60166
44746
64711
11891
80336
8476
62692
73594
32111
43217
19322
9823
82899
38472
49790
39375
47355
10892
64818
90860
33691
87399
75759
58022
63389
78342
65208
75072
55590
20675
1561
56541
86478
4775
68645
7502
41134
79566
14178
86867
69682
8192
74437
71989
27858
97630
9473
92652
59627
77919
38060
74357
7593
97070
18366
34991
68499
91842
13364
52477
20727
58989
15362
11422
94282
30504
66721
72681
4555
93032
79087
90420
6482
40461
71791
34834
96563
18273
10570
67367
61848
75811
50373
91625
46958
43099
33057
5499
53663
96830
65364
6865
61978
76279
55694
78199
57193
99524
51427
51741
31278
95987
21767
34749
66035
88786
93701
13171
50175
30158
43760
90099
5683
46525
52511
44065
42802
28660
59363
70805
55800
88468
80853
69519
14744
91240
5764
92745
40270
4465
15143
89440
75154
61782
77394
91528
73883
72460
63256
3176
82743
89026
69345
22425
71906
38940
12612
50655
78034
730
72637
90867
90055
96035
65144
54909
70054
59641
51298
75315
30080
26769
68734
95982
45788
44411
56649
58787
71214
40882
99440
4701
32614
78077
92152
78321
65922
36703
49770
61647
40952
4370
698
15246
59939
76026
63118
45186
54432
12929
73328
98959
69376
24122
48908
71445
67623
42043
3632
41353
11706
93708
4472
32390
98303
8405
94543
83654
88598
68452
29454
11525
30530
160
4827
19305
21062
13848
65623
66063
38589
42109
62509
70517
29553
88142
79387
64393
81739
4717
26735
98682
78884
99975
95380
33808
71662
62035
51181
96368
58622
64738
71373
30268
15615
32139
69587
36264
97100
79612
72407
88580
10209
46239
5027
16537
47476
17262
32180
54665
28771
35632
5500
31273
16642
77045
47749
2776
78460
76164
31549
79747
32580
75661
15323
12394
63587
88251
47277
96325
58667
58698
73448
3693
49541
96559
79352
1773
71267
39899
62950
99286
57067
48436
65494
28065
63244
28241
94469
13648
86364
51827
51935
40791
94243
86901
69558
87229
87675
75333
34335
23140
71010
73034
62324
80284
24294
58858
54681
51756
65940
91000
25805
61138
45107
77341
90553
54548
39545
99925
86585
21142
83686
553
31551
22439
46710
9383
35061
19539
41372
21391
69659
86258
24329
1967
1475
66157
60794
15412
95356
30422
87346
69965
34140
78757
56543
54690
13487
23127
62010
99536
48928
76294
94982
81791
44115
47494
41018
6854
59046
1247
76152
24273
41336
67791
15464
2784
66106
4310
1113
74706
4662
47183
88807
43261
72443
14616
52054
21339
66038
33687
83609
44584
17823
89435
54008
78958
95742
98321
80721
82796
18342
18365
34186
97753
48342
63745
29023
29077
3869
35491
67487
45968
26421
61653
6625
6989
60999
7350
35255
75329
51226
16533
51267
99726
6704
99046
62425
27488
52796
58657
73977
54041
21080
284
16354
3843
81723
78539
94218
68497
95427
12469
76443
77722
30261
27968
77898
8494
68858
80050
17255
46197
8128
85028
21669
21630
55816
16144
50503
20648
11037
59300
80647
79083
54039
16435
31679
96994
2962
35656
122
36437
10739
80339
12458
89111
32973
4395
45747
59111
44905
80156
94401
81414
32292
52458
97890
38596
35691
61041
95123
1213
28145
43931
14920
84989
29727
56077
89357
86191
56174
17842
53745
78139
70117
16413
59098
68561
24448
43292
92492
418
45046
9891
6879
243
40297
27070
76675
85015
40943
88428
22003
64372
12784
55567
65163
58655
17338
57516
40393
65986
5697
27108
6056
13035
87872
82695
93561
25838
18818
11166
88810
29887
20291
63027
6437
50269
30084
94496
26071
52406
13390
40984
4803
2504
31190
21805
89750
60630
92410
19359
97722
46850
72143
11869
30378
30617
37546
52698
30922
80821
89056
97365
46216
84613
21604
21835
85570
29457
46733
94182
77615
64223
44782
79762
81812
39657
46507
48915
79847
27402
20299
57178
65835
61050
45179
56661
99142
87133
59384
63491
4938
9635
15215
18496
92620
4497
178
55658
82895
22350
10962
53119
69022
98025
88951
11738
83776
98202
41397
93367
78393
15822
95433
36404
61918
98355
97457
28578
51714
64171
26019
6410
66352
51126
17542
92262
49385
6444
58144
37438
34375
21325
76665
20788
93485
56892
86291
36738
48014
35358
29552
29030
63626
17017
43438
79163
62930
7299
55595
41648
68794
85354
30546
30577
68164
65942
13753
67545
87170
37040
58434
94399
41603
62722
60239
85553
93873
86079
85484
31149
72131
79501
84443
1046
18482
89764
34971
93401
99652
45985
26922
22968
53700
30156
9759
55059
70243
82401
35734
74169
41585
80053
37803
72349
4743
49750
73426
55861
30297
43418
27926
38410
57407
93343
31693
60021
14661
63505
80922
60422
82921
42391
31937
12190
30659
85203
8198
80467
73975
28725
25180
15986
59550
65276
76156
3925
48515
5915
91766
62760
70708
39147
77773
21586
83434
65107
2383
79147
69300
55478
91465
41902
17134
83632
16802
14735
44709
41527
76562
9798
63309
77031
15391
69213
54845
50996
72842
51710
49005
59316
52836
23584
14670
54833
93793
66857
16818
35234
26492
30148
1849
16971
45552
96329
27538
32500
63457
66365
24626
98302
6328
88329
39039
43728
63667
97766
92928
8758
70584
29094
22742
30000
1168
87038
62681
79392
87758
85247
11542
881
51963
86281
64764
41404
64681
34844
6620
97393
26760
68323
27447
96892
87228
75934
46275
87059
48732
2740
3716
79204
2629
90289
23085
77030
42670
30828
15639
16573
50131
34181
59829
43723
72360
22198
86201
8139
4073
80872
69352
69549
54037
85940
40146
64250
29981
81371
65232
20590
85956
23484
55335
43512
34442
80055
35719
1397
17022
83830
42995
2176
36332
67898
92487
92567
30444
3745
67698
96745
90007
3256
60374
75010
43740
80086
23392
20357
15532
25049
98457
22673
41336
62807
17622
54203
48925
13553
92471
54594
65569
19701
40812
7146
50363
62789
26989
80989
81337
93218
5131
51613
52123
87854
6389
24363
46998
38733
55691
42592
15525
34177
65516
33134
71288
60486
73219
3794
79583
10680
52022
3394
6235
80741
25696
32002
70891
92606
64732
14158
69086
57992
64811
76999
8707
48170
83355
14514
45185
58831
85766
99342
90536
95429
15549
77665
9900
57675
95639
61827
32348
87646
42413
3092
42127
19667
48213
39697
75048
55120
13144
74001
5734
36057
56754
40125
48741
80495
53456
88293
17980
95158
38011
75463
9093
58596
34776
52559
22182
37453
62286
82175
46943
76036
73444
69980
92856
74091
99666
68887
58801
52728
25519
17061
86686
32972
59950
35398
25902
51189
42180
10436
1706
93879
22797
61903
45702
26859
3896
74166
76216
50875
86815
31670
39208
61246
34743
82887
20510
89426
3128
96869
28447
56571
11619
41190
94726
2287
19731
36341
57274
76964
52210
36170
606
16647
85217
26173
51902
23902
71448
36434
22578
43911
98417
7519
52980
31071
45592
8108
5919
99829
74249
45430
16789
1377
88827
23801
82815
83824
94051
55821
95246
95901
55899
10912
69346
77046
93687
80347
96240
33474
2827
91573
32698
98953
79853
83999
13834
87159
67259
98103
93686
53550
74009
95130
73997
59256
90901
83759
72608
47117
36722
38341
98460
19588
18741
68159
29269
70455
55318
31104
95155
66119
69447
63705
57567
71146
77467
59280
77662
68835
78779
97442
97378
59708
18431
38719
90440
90796
36270
15237
34494
48536
8478
59157
23341
3611
18080
54404
61777
44753
60143
55070
95076
31827
77262
66969
34722
55986
73254
53720
57023
15444
48440
45111
36664
67980
57784
67267
72248
12054
31763
76728
11106
22750
80439
32912
33631
93858
85813
85803
676
31278
48631
70667
84673
6665
8648
54891
60019
52105
99007
54859
29748
23034
89811
48053
48634
27407
13426
34830
5378
27733
70947
31500
24974
48337
66711
33595
63538
72745
34081
57545
88859
17697
20536
15580
34744
91362
16579
35741
45353
84516
40474
11712
73015
42082
24910
44791
12811
26584
78779
77087
51014
84002
70987
76288
38168
71588
24248
79588
16590
73061
60253
22017
84469
55804
86111
50996
29088
15452
26235
73545
20137
7525
22674
34787
76243
51036
13812
49790
55751
25054
40373
54993
32411
98963
30504
86996
98841
44168
44767
4247
26620
34841
4245
36294
93476
8539
85775
19197
43244
92060
58041
92094
11916
45891
64187
65498
33004
78922
54696
72324
99641
84434
64265
81672
63264
92731
95468
21282
66660
98245
83659
51078
77066
40588
85930
16039
46874
22112
53183
99964
51794
27158
51408
63601
85579
17090
65945
35326
4948
13223
88654
16239
77701
33969
30411
21892
46696
52506
89475
20155
41065
60417
16685
66965
37911
67024
97178
68669
52636
95298
5047
65538
92238
11810
24221
99283
3149
19369
13624
63722
22473
69303
70815
90993
67649
81784
23643
31907
57563
50123
7159
14631
40030
3827
13916
95620
4406
83125
15990
32727
43063
9175
88777
94102
20642
6841
86106
58288
40317
67681
91157
38151
32494
38123
60809
76139
70368
97704
46702
90223
29449
60678
69897
66323
49289
26532
25463
15953
42194
90219
32704
45897
21977
16451
48868
47504
42505
64782
10686
29381
81365
73959
79473
753
85779
42336
37094
94940
6523
91230
88792
90696
48881
32237
51724
88663
30877
73641
60376
97733
11187
769
56966
32731
54975
10171
4983
45905
97887
49760
97761
35001
12640
49669
97658
21684
23408
66905
63333
50463
48979
88892
45334
67668
33756
5365
26253
24123
51390
19337
98954
54866
30053
2
65102
57654
72538
19405
9518
18321
12193
40953
83680
23970
24281
78592
64758
37486
14569
60828
34508
87316
83943
76500
11295
93312
66894
91817
35458
88681
42362
33352
40325
35551
49772
55985
84424
85971
47132
35690
89703
88481
92385
69055
17554
84719
29054
97732
36857
55567
93861
24561
91044
4664
39877
92121
96074
55384
33303
69720
8096
89365
41467
39556
62696
95187
54355
98240
28885
23681
31315
23906
14654
46702
26336
67479
70260
7216
27262
55585
23768
80735
67241
28829
61162
36704
82521
61865
20626
78769
59516
2780
16825
14562
74471
12010
81611
31124
19659
24404
40304
9702
4016
20260
43261
71050
2380
44152
58331
195
7944
14580
59226
24227
66445
88457
19837
45803
11732
52982
72133
22123
3715
94446
93761
77156
18996
70994
5506
40424
51944
95064
66118
39178
80232
25641
42944
64276
72404
61278
74200
88773
59732
93507
55566
43712
22293
37428
5503
88826
71365
9921
19561
77114
6670
28103
18361
94895
23807
63912
46416
20891
95378
81206
95393
84486
82141
88722
31368
97425
50434
76660
24190
35206
63842
8141
31386
39489
63997
80259
88819
94622
10837
41019
31666
62316
37562
38443
84462
87050
72221
96705
30565
9121
36276
51743
13048
36273
47253
23563
2425
90194
76666
68208
40495
69053
97577
81931
60269
50161
96826
202
23154
48275
82351
50292
87185
24442
34254
28013
29028
16262
25214
67581
8043
50003
90795
25719
67413
27230
63970
88136
70284
2951
64587
33719
47368
8982
36804
43297
25239
41416
3972
17353
15557
69782
84888
35955
14681
79298
16283
64204
71079
82430
63803
23515
85489
45889
16061
98751
29116
67026
94804
17154
85423
82623
69499
92222
90477
34448
28419
35510
93012
74246
81497
90308
42217
65617
16553
32899
85087
54340
28249
32677
63642
76485
40058
4196
6691
33468
80717
86138
21680
92226
2185
73314
62009
23421
36698
3715
894
97083
80925
44547
25755
65076
93405
40370
22895
73721
35574
48903
13249
70889
68716
24988
35895
37374
44582
54246
2764
14651
56657
74820
75303
6332
22161
25162
20895
17686
58922
91331
81802
78029
12373
81801
87027
26618
49083
52671
59266
13701
33953
93671
86421
78728
50128
94831
65126
41107
56978
58264
63347
89051
83743
92816
8983
32930
68991
30880
75098
874
4167
45243
72179
79106
91880
7315
95519
79976
18831
75117
21930
47201
47749
80664
82791
99417
73563
17284
84216
51201
61975
17705
24190
47038
70196
93839
11879
53975
54280
19347
91570
52134
34689
90407
72772
55839
32068
47622
8840
76763
76306
79737
90104
72987
75135
20404
93927
3662
98217
8697
50124
69749
47338
16610
39369
64756
78250
73335
90634
96217
46251
31596
12785
41319
59804
19692
86158
23842
56724
19874
79949
32339
54778
28105
19229
4323
12929
49729
41384
59629
34556
96328
59863
86898
26237
49264
27155
32738
71683
48813
8253
66268
94741
69951
6207
5671
69920
21624
23978
7517
90401
74787
91520
6135
76739
1705
63643
97350
25731
16689
47855
26280
77255
55508
10375
87398
29916
14740
62904
58660
13938
46438
94702
33263
59871
77136
70848
20346
55756
50396
81258
29827
70291
21957
84218
61417
32176
8226
28301
20515
71931
70046
18525
26761
9169
93571
52836
69413
95103
66237
8680
59875
75879
52242
41599
92681
76663
12719
28873
1984
5447
16537
19654
88845
34994
77354
26160
32107
66187
33903
1814
67223
97725
73012
52923
38750
5861
64911
14467
60857
35278
79594
48474
97653
19142
66734
9259
78407
38813
55304
761
30425
65263
70289
1493
22712
89538
35707
70604
20414
6317
26419
29757
74822
44852
25715
32201
23612
17125
26927
53397
79269
94671
26785
57359
80481
38782
28814
40883
21455
26959
48241
26111
57067
92546
8473
10524
4146
66744
83108
50892
28694
72133
10549
97134
35509
69386
78451
86460
75612
95865
6738
10527
73622
26424
59709
26509
6703
55899
26718
87727
14369
42812
15540
76544
25739
94996
36184
47525
35234
48767
91506
35367
72781
4379
94390
83787
54258
47573
7612
20137
84409
90093
95633
32962
93025
83027
30259
27258
42065
31908
19674
82925
46130
99349
47650
57586
30021
37054
338
9712
36763
86385
23052
48332
56596
77624
41655
63956
39570
75145
31770
44824
30638
43908
63750
65896
10980
54835
94811
74469
45684
60581
35134
79794
62897
78925
11830
95273
90515
60796
85235
1724
63846
80983
87781
16797
57253
74000
13450
40876
21651
69265
58534
84937
22742
45766
51793
1673
20591
52933
33301
32879
42427
21888
10661
64387
63669
75230
39714
58462
12254
14795
29770
71491
72759
73475
71146
33863
73098
53496
38347
83766
49826
54113
90017
54418
38870
94441
33808
71740
24653
73277
46791
36668
43225
39846
94902
81261
86712
35187
9700
5048
70040
88126
4253
34655
62695
28464
63008
69425
35768
45690
14625
10364
36220
21019
83175
49175
3712
48056
99653
42561
30593
6509
41833
6280
82572
43259
43882
91025
52102
37254
8491
2262
26846
27161
81382
23751
84298
1067
8043
5964
8851
6610
51144
68105
13451
27786
73184
84318
66557
78475
55919
37637
26581
59287
43556
45764
18374
9327
48645
33313
85512
44611
63451
41957
23333
63300
63909
96702
69016
30418
85839
98037
62342
75097
50218
24940
78530
15331
82367
47644
19552
73468
92408
4491
16063
4659
87151
22742
2545
73779
30336
19389
26295
30825
26931
20017
86354
58843
98668
17700
7900
28428
73765
29072
67105
95984
97852
93645
20194
59718
74077
44589
30675
51417
93040
47326
53253
70889
39381
84434
55106
17999
35541
11807
43303
91993
49104
87943
51361
93989
29213
30172
51159
85132
50148
71168
27269
94690
78635
81204
89855
28705
69132
99568
20357
51950
63531
97261
65992
83905
31999
57553
66930
62053
65564
31911
37963
29623
19475
61171
93749
95439
28475
97999
89167
31983
87160
62843
90325
69639
32872
57382
11072
3816
66885
135
51593
98655
69265
1195
2139
41481
53138
29740
61558
678
19778
59677
40448
30575
21363
58223
13758
62280
9498
40265
64403
2925
53475
64389
892
78996
32730
74409
75625
97808
2259
40515
11462
67848
2882
23160
61872
36400
61778
68117
38180
62900
37382
75970
64411
70113
44808
77044
3689
73069
94158
79424
45861
80433
43778
1117
45294
2654
55355
20267
40778
29311
59585
3887
47092
97371
91360
40686
20577
98282
51068
67828
18689
8298
6110
45987
81692
43337
26183
22994
86301
13872
53052
67712
21748
32248
24631
30888
39122
64025
90607
82637
20141
60138
82961
33627
6476
42397
54291
19818
1317
39765
52705
67922
63624
87023
25886
97225
68360
87020
45056
24049
53559
43802
72639
63663
89832
47345
26013
65815
83673
44329
91054
99531
30973
437
53388
9496
8384
71257
21989
67207
98028
91421
72577
17028
86945
97270
17206
18887
85110
15696
69092
54780
4283
94865
5159
34763
42242
27104
90278
12788
44605
23116
47580
44330
72241
36468
94684
63622
71984
64974
93291
3576
25511
92332
54999
24696
44953
73760
3704
92795
2644
10004
16116
72324
58525
25638
16063
63709
81237
87501
52672
73824
37115
24122
76896
22325
98071
14660
98863
94728
99334
10433
36829
66970
24155
8726
69468
25882
25075
65840
17615
96459
43776
62197
11685
87799
77892
69024
32319
96929
90850
33534
6084
20212
31803
57190
51224
6492
29827
16414
86107
53383
78381
24788
86505
42842
78139
56536
72522
42661
18062
43581
74985
27672
97323
19057
9488
72449
58158
48775
11317
91998
34792
41663
77031
64026
4067
60548
75843
49714
82339
26135
24834
62752
58749
58004
57573
38087
49755
47011
62587
17560
84590
82074
6664
17955
59212
46772
45188
66817
39498
81091
11645
97129
82202
1176
66146
33900
85275
99671
85498
75657
79584
72087
59580
43804
17389
30040
91733
46593
27102
73303
4129
96184
86604
73017
56732
64467
73383
9208
77866
58224
35309
36124
50031
84917
5595
7538
57461
91228
96546
40138
8988
36236
92233
15716
48859
30140
92893
26638
83682
17321
69291
58103
24088
64501
71848
60871
50977
37895
36269
18774
45380
14047
8277
30713
22443
30935
53867
20760
76712
3200
52530
56132
27413
53755
98343
56399
91521
7506
35625
85195
93505
33549
31459
93639
25992
86967
20239
36349
74193
53397
88149
59992
79719
8487
14149
43747
35596
63616
54499
48356
1813
60920
67117
10331
24362
42215
42014
53335
930
54207
58857
52177
56707
90458
8872
61074
91535
89680
14009
66417
58689
37536
95132
81857
97984
49824
12051
46710
62378
9363
82752
30225
13142
88517
29212
29497
71355
52391
67670
76056
93790
1180
48001
97259
42846
67696
50861
52083
54954
23897
54447
33840
4158
55635
31206
85967
80970
30095
22573
59062
77121
26735
73393
26371
76747
97821
4509
26033
16526
59123
92500
96444
31649
90555
8720
45841
85772
72567
91067
92473
49642
53927
65568
99289
10177
82796
96620
40339
46002
35514
31879
86033
11583
2953
52833
68478
80614
60762
95148
99884
95979
90814
17413
6233
73673
60735
30156
19707
96467
21787
31839
21917
64954
66800
22916
2787
52315
50693
84433
32515
61323
70678
73402
85827
65154
27709
40692
33880
3860
20204
51768
26996
95895
67433
52301
71999
50211
46425
87652
37703
33573
70415
14012
73305
12175
88105
60739
61729
60878
1395
914
93483
99868
93
79160
73597
97148
62459
79392
65008
23003
11056
6917
29952
25667
51210
38451
32138
12147
81087
4254
36760
74407
14115
29381
67410
29327
98693
57153
7340
25954
89821
89722
12385
81323
49601
70701
61811
5315
64002
44301
57641
45037
4009
62628
48375
97786
56701
84928
44850
29697
45813
4839
29257
81514
74998
78114
1980
5403
18197
14671
49545
53595
19739
85460
74715
24887
46017
80046
86577
23210
9659
46163
27809
54245
18288
84944
88518
92086
5293
68963
42752
6312
80391
90954
28220
26024
26451
37286
93439
99072
34495
59734
18437
44146
40908
70154
73828
89979
12634
41828
21204
73945
12273
9138
75603
4154
47097
77771
82312
74473
83719
40454
85533
85591
14203
10701
42771
62745
78442
14292
42689
23306
66652
68293
74214
58181
72382
7851
4031
33077
64249
77645
14132
15881
3472
45034
84870
32423
61177
97285
90003
231
27872
20270
40590
96328
88750
89452
92614
64389
26655
82481
2028
27358
22361
84972
16342
36621
82601
14281
21648
96594
76672
16246
25233
89004
84749
38752
27596
77673
95719
61637
98904
50243
52635
49923
52492
64425
61172
75579
17592
36938
55691
47181
86389
65230
65242
42826
56154
50257
62778
20950
53022
8225
64844
10562
90858
46745
17846
46822
12771
78022
29592
16650
3816
3189
87439
29585
77871
3264
10232
90974
83228
1151
34501
11280
13801
88176
99433
28186
4476
46400
40015
72504
89420
49349
43954
59722
35308
48911
25213
85153
62336
30881
85883
74943
50856
59436
41722
97165
77761
93226
44909
66681
66727
82609
69938
22208
93499
12133
26981
49123
63666
36015
52413
58327
63743
70620
55111
65560
59642
4502
42749
78073
50998
27275
12685
21227
51877
13084
62600
9840
44491
15928
62499
83233
53627
65078
23801
20271
31977
78151
5714
85584
75380
87168
39309
69638
20726
80243
10623
46566
33829
12563
75321
53021
55770
9279
62362
71428
66729
32378
97944
85672
43646
37415
75500
71106
7168
42371
49433
63374
79556
24979
30140
90306
34407
55931
24730
9822
1464
16523
96008
55904
56299
84238
37803
28903
18962
16533
46754
45332
8574
62868
15293
42218
31402
59839
47748
84754
56377
83596
44134
75467
90911
20836
3040
43367
27422
7951
70909
82750
59062
56160
32264
51599
85025
20611
78107
85294
71060
99854
51265
5153
67836
18371
23774
64128
30718
92920
87378
6394
23944
2254
76637
83287
85437
76537
62076
93662
39039
94123
51460
3700
26575
95734
76252
30849
13039
50721
14095
90298
22517
48836
3854
77772
83109
55637
63126
1293
80722
4676
70962
77552
37326
82504
58235
32593
97353
42040
22633
45923
90965
74073
92791
32782
91128
88648
94126
12884
29377
11860
47930
82133
98128
60088
82709
11113
52562
48297
128
82289
28492
31015
75876
42356
58917
29783
36717
21325
33466
98586
58339
75194
71410
8799
58063
11980
31523
67751
65973
87526
98145
207
25039
34987
16360
31465
19987
64500
45138
5694
88334
21333
40018
29783
12446
97831
84671
96926
60444
18986
54887
1098
50762
53778
73565
98838
73063
62795
52832
77424
13897
38906
99901
3151
40226
67501
35539
94879
76458
30338
41201
9166
70321
20703
36625
41754
92057
56286
65392
55546
13011
18880
79076
21843
60444
93611
43256
59437
44884
92381
94344
71390
90866
30430
12004
39136
74462
67435
42577
56057
96414
90938
77512
83698
36520
41241
10090
47987
67933
88442
44269
36271
94527
23919
80004
54169
60832
75116
42550
87282
29122
37992
76741
31414
78242
60359
96813
58434
5567
69146
28252
53073
62332
18499
77493
55399
78614
9514
59792
2658
54237
48383
29
71429
40471
67154
54389
89972
26546
46183
39342
46610
93161
51118
6550
17515
64531
81534
9249
54236
38384
62347
59428
40663
12708
45446
20427
43256
93546
99684
90130
64750
37685
71173
72560
23063
90918
51529
54318
38048
31494
2947
54105
17000
38859
57572
28294
30243
98108
97979
61649
90697
72354
62278
71804
81420
71290
19153
24273
8028
31713
44434
10404
56854
66518
55226
33418
47489
35418
19144
19464
72757
12915
16675
80008
67494
4388
73936
82408
11871
83010
68329
28565
93754
74128
26763
36016
64114
62650
14069
86321
7852
74453
7664
17319
51486
49401
59013
92977
26752
77115
61376
84128
67735
15068
57406
6348
59362
7962
3116
88990
20473
47107
80854
17322
90533
84606
89309
95689
14971
32789
71592
48415
28806
35039
96940
65530
41293
74356
25460
9948
22657
81911
41376
29191
88142
18040
95633
64011
3375
85523
39246
13440
15580
97828
99678
27845
99375
3277
68874
19952
58266
67210
18583
7318
62335
48895
41405
51212
24178
59102
2348
3591
67457
59295
69681
82556
44603
18183
26493
22758
38919
8840
70651
44420
47179
60171
67444
80438
16298
27060
55600
10769
81134
67475
45732
41915
62908
94922
85788
87895
10663
89558
46199
96591
47726
74157
37281
46340
50320
88981
18516
10625
57873
86645
78254
67801
68960
59894
67297
96462
95817
97518
70885
79120
75316
16191
9233
95993
39389
97415
75193
65994
16059
11838
21309
74486
62513
12997
18640
11284
73391
73342
29411
31613
78372
35768
82730
67182
56178
89225
15466
78721
50276
66390
85948
8381
18829
60153
77704
75177
78243
93059
99593
19143
29306
49554
12544
20501
51205
945
67864
4792
40008
56818
64027
71379
10349
34885
2862
61740
41762
18797
57465
85856
70341
22408
46913
2388
16037
28147
52622
13031
94224
21901
11236
32446
8688
75068
14546
37290
34452
6359
38072
31085
54666
17794
89556
68551
79949
457
52616
30576
67846
40530
27966
2834
20797
22447
44206
67807
50162
73793
32551
84642
31593
52146
65983
73160
52205
15111
17964
88969
17530
33618
86958
7683
98862
67344
32217
83967
7667
48985
78814
38811
91209
62924
40574
52094
189
55836
57442
11114
95946
41206
61207
55792
98592
80877
87504
90226
36133
98449
60911
16815
73027
88401
42096
95056
880
96534
97055
1426
7059
33477
33482
94582
38524
44453
51872
21990
76285
46734
39093
35670
90832
44390
45182
77466
7981
29644
34954
24339
90038
89062
44478
38858
70726
96691
2844
18376
3329
81412
35801
27098
30551
39551
25219
47199
31714
38032
20659
74979
76463
65052
34325
16956
96061
41171
2705
75860
253
94835
18690
9023
72995
45222
46281
86845
32469
76555
52697
31019
2575
1760
57825
96251
44041
36132
4025
15362
66937
21261
79293
46016
67372
40242
97185
4169
54657
15165
60086
53037
5379
82337
1580
16205
83455
42653
61003
71132
56117
45019
64748
25836
25920
29518
7110
34329
6290
40800
97510
73702
46715
96355
70820
79383
59506
48564
53123
49051
3002
62758
32747
48338
71432
12104
35343
34774
25802
95919
82569
59977
49524
30407
91589
85719
40356
19411
29906
82714
13118
37096
4297
3585
87223
73960
96864
44317
36934
98380
68312
23463
2788
8483
98231
75219
68218
97759
15593
49691
69915
30279
12031
44670
13809
2955
58338
23782
90179
89333
37393
44466
83630
85670
80458
77738
31953
18673
11463
86236
77735
68249
90754
71947
35395
51403
7187
32063
46397
28811
92643
88517
38469
78794
16724
37732
8374
57521
1006
48740
33853
80093
64844
93120
8520
73133
57307
56120
83184
79789
35202
56581
47600
23377
11944
40118
89633
49257
40058
2912
51558
77423
95552
52334
97304
83099
93697
9798
20392
96704
90859
27987
35959
53460
71607
38431
81575
71220
47025
69391
5307
52139
23481
48028
51332
14147
59372
51252
10835
51005
95819
22462
28996
56795
52682
56661
88231
45373
11308
16135
51234
94709
58178
34967
2312
56026
5455
3991
1552
44860
73963
68674
60367
71740
27522
3895
7932
89265
4683
36476
51516
52384
56251
4943
52231
77949
59960
13995
43626
64604
2572
20572
81109
74844
21265
54502
47468
31243
44536
4459
24919
76322
19589
3169
80559
36170
139
50330
5883
59080
39512
68458
40774
5963
52037
51110
90487
94345
79014
34178
72212
88157
8427
94974
81680
10814
33558
71244
13352
516
3657
9416
59809
18116
47831
19828
87407
68317
45980
30304
52559
25795
62906
85610
11067
28254
68208
58881
60055
40131
96359
45128
249
16087
56944
42771
99883
12234
88717
87168
21207
20481
26568
76022
97955
34964
40712
63701
76632
97521
80979
66757
288
5471
88016
11042
62895
28443
55269
77239
68365
89350
53036
31470
24365
87551
1875
42397
79520
91500
76455
88473
58492
91382
20221
63203
11208
66114
38269
64121
5745
63628
64397
96750
4640
72073
25198
86454
64103
50000
83427
45342
92023
64962
93166
88166
95903
6582
17214
91625
12237
548
94551
10772
93615
16627
57514
88406
22762
58543
80613
12814
14774
62637
41789
39744
22292
91599
60464
46531
2073
25784
95225
12084
20752
82079
44198
21616
20498
85120
39911
506
35423
9687
22419
68258
34853
71101
58580
99155
36424
23828
81196
2978
90948
98122
47898
70643
5936
98390
94765
73986
98570
70303
75288
43529
55603
93910
54335
48514
48404
30524
24113
77659
37267
72581
34911
66920
23799
91483
3272
18650
16687
56754
10039
8113
38711
63682
98161
78982
8488
58820
44596
11675
5973
79838
54611
43461
12980
66467
56352
88020
53142
96211
78427
57939
99451
40705
43433
69375
6534
85793
81550
48291
26678
22829
57960
61390
25413
55368
29697
59432
71243
49896
15191
14838
63836
3897
62455
56536
56301
28713
20697
66787
96245
27686
13657
27775
69139
41598
65599
86726
30158
61325
56717
29587
12597
48255
27744
29619
40102
35925
1384
40113
75655
69366
61280
64286
54000
74781
11767
44598
88512
60248
51448
11222
45602
16637
20377
55131
12775
33773
10894
52852
44898
49626
17084
81020
49181
28413
32509
86795
85466
19470
22768
35532
30922
94504
11696
32884
55068
98001
61149
34932
25067
19488
78334
83877
16851
21333
79178
6730
43724
55698
98400
81307
77304
34194
83041
54338
3256
3013
38348
84680
33018
70063
33070
42312
77077
52829
83550
13276
13887
32791
9325
67823
28983
28262
23743
11452
35132
57965
15273
54880
80432
25548
97667
92543
67685
76839
48744
12147
12096
47176
3403
57562
13304
23302
56483
17664
83264
4011
27074
39264
93605
56853
61760
36742
49089
45275
45902
85984
80629
38518
96088
52774
47927
97198
58840
19856
89803
89308
10109
91141
62870
10608
85389
24892
4394
64279
92409
33532
4990
69292
31957
36949
63499
94930
13648
21741
11557
6292
50714
50219
72903
18851
62653
85580
59105
50689
63247
17418
34780
18651
40169
30821
5926
32438
42663
94161
24707
95724
19944
25956
72520
57390
167
72046
29355
63170
82616
53817
26621
26291
90049
84831
62465
57190
8253
791
33335
46216
59379
81177
35570
6631
88470
37034
63449
9022
75416
85181
9595
22029
41171
20672
79254
68693
92228
29084
8046
80130
17999
62371
31881
52902
40671
4338
24781
46837
70736
54335
18126
67964
74877
60360
35241
54698
9168
43227
37283
23535
11958
55846
3843
10013
87244
56340
90745
67423
99842
85752
80651
28943
19893
11910
34073
21486
44273
42587
89444
25651
22583
34501
26135
81867
99258
67952
84630
6774
34142
99924
17714
71147
72460
88544
86111
53439
68065
70459
97880
54102
15967
814
1258
52683
91919
61496
99113
27953
33515
35749
16847
54465
25013
98251
39549
57549
35458
62577
79622
43831
33011
93268
81289
78227
89752
95778
71867
42903
77271
10180
16367
32649
47943
40822
40928
31290
60723
14032
34810
69272
28025
48502
47632
17358
71457
78392
5373
49802
32959
26642
29065
61544
11822
27610
30860
87222
97565
1839
71027
39233
37570
90468
27128
24270
83886
6073
47437
97861
53586
62101
6024
24481
18170
81457
23419
48464
2337
74797
72380
16884
35284
80655
68142
50544
90786
36835
23124
48617
52664
97227
66896
2804
56849
39026
94862
24519
31800
2884
72968
76372
54514
52544
86222
20665
30896
47672
19990
55720
68325
59543
29858
94387
59636
87164
40278
77017
23318
74628
99396
67176
51685
20295
23374
45314
10578
1336
44939
4591
25134
18533
20504
44414
22044
99562
16900
42427
38168
84607
63799
56844
69083
79194
3692
21851
77623
57675
10436
67549
18499
17131
62553
59115
74160
53897
13585
35399
93143
99094
66322
53708
62595
71099
43924
98873
54664
62563
33866
37186
13498
54184
13598
41241
15371
66794
80620
30687
29880
41437
2438
75363
89374
38896
70134
34528
58233
16732
54385
68734
50402
62721
71481
47417
61584
6538
80549
90827
52590
49644
68063
32093
58327
97927
11856
35497
51710
62889
67154
30981
23192
33432
97925
47660
24080
86468
51880
71262
95935
41310
51067
60855
89394
3712
1069
69927
94057
20124
35422
90714
15368
35351
60052
14785
76121
9151
36966
82191
79970
81941
77342
50667
61201
89819
83399
39242
98750
24653
10087
73447
51907
22782
21625
54332
53552
91112
59636
88969
21580
34267
83820
27041
20959
37146
57995
12558
54512
83139
2445
35923
22708
67593
65059
72046
90045
66938
39049
79995
13724
60363
15898
36083
30062
61145
79580
56093
90771
22435
70550
29529
34525
33800
48032
7769
66173
23714
31556
34494
73951
11052
39234
14012
66780
2868
63385
97989
49306
73156
26159
39303
68006
90185
31120
98210
31471
10791
79010
80851
71640
3445
21215
22102
17557
42563
82301
63261
13222
75669
86729
73957
93168
32887
63408
53243
89918
30968
8491
81784
78234
77266
21296
88779
95579
50464
11930
91534
61301
3998
29688
9604
41820
44556
97656
37501
15881
15280
94732
3551
16353
12600
46731
53878
91010
691
59312
9861
79288
93906
23209
33067
50481
71144
52333
79645
77206
66275
40779
60746
72790
97861
53295
95295
89384
98404
30502
6656
75295
82664
99687
82549
99246
12768
46466
21060
6141
24250
68152
48379
67306
68665
45572
69655
13116
69651
8002
81793
38100
48968
26933
4042
87791
10857
82258
96765
38353
95170
52149
47447
17027
41124
13646
90174
7874
388
351
70540
32513
72858
99997
83839
19175
83822
84720
49905
1778
13961
45129
48786
22499
73945
48972
48354
89534
94342
77218
88308
8239
549
94594
42516
56806
56809
26862
30138
84642
59045
83648
18370
67996
57603
52725
46748
66778
48735
73512
35304
719
11148
47144
14591
81868
93406
69632
1971
86860
94352
63144
60170
17277
49692
67599
31589
43175
56520
16945
7776
24878
58648
4430
34889
63473
95252
62942
7268
25478
15828
71408
14248
65909
64667
72544
38170
57655
52576
56519
26289
66168
47567
55231
97753
93989
67476
81988
5859
4113
27298
46124
31819
59805
54896
70172
64554
70064
90431
54060
39132
89175
11726
89060
84245
754
2469
35496
27172
20527
50637
16060
87449
8568
21430
79709
58707
41420
18912
33074
52737
90023
17878
13534
64997
10898
25380
56615
59616
10212
38940
58539
7936
55762
17856
46660
92754
56492
83125
8605
31879
32023
38994
94038
97554
39413
68747
95964
61898
37717
86052
81690
32511
22764
46502
9461
20445
5582
93949
29257
91278
32318
70749
74721
88481
71332
17065
55499
57902
28000
30788
71163
99586
30415
43576
23562
91236
92218
55324
78112
9671
92855
77748
73219
51796
89841
95306
48644
44581
83334
42912
59293
41158
67152
13018
86100
99447
75845
42846
54273
21881
48915
541
49331
78061
69549
44093
98555
28184
1763
41724
69842
61778
46505
83007
66096
78071
20931
13863
19030
69535
44244
36710
59561
89483
13635
23324
51380
52093
89363
26356
37237
92964
40432
46099
87576
54031
62948
14611
44861
49343
85476
75117
38026
51089
56130
2000
67885
25760
33039
36413
12025
33236
44132
60531
89948
60675
97334
35840
37045
44986
96185
81214
89893
35803
47019
27779
56806
39792
79441
47219
65971
55677
53115
42305
14331
97999
17889
84671
13887
20985
87566
3266
40221
62040
74321
48262
76576
87701
4766
59118
69755
76972
24999
65810
47372
65302
31510
70460
10294
32857
10168
69422
72539
63662
64130
47242
78233
74920
62878
72459
6952
61454
51586
33440
16405
83622
88417
79506
28908
34071
98364
68919
51156
62034
21371
68323
43832
48236
34790
9704
21906
90253
15805
33179
35377
76084
98342
55259
70266
57574
16524
40479
59601
76408
20356
22546
95364
32153
12422
97098
70604
87846
81648
58015
75703
35996
15818
50695
15409
3397
39982
13823
36938
57109
32665
16337
36329
17088
3617
11554
93178
82373
93012
68971
79214
4132
73276
66986
1223
29495
89726
7725
34445
78313
1026
40259
22339
92956
72467
84137
40637
29991
62670
8618
83073
16596
63994
93912
35086
85045
26757
40132
39180
75527
59685
66900
43151
98510
72077
23595
99823
92720
2946
19925
33371
23221
14457
859
20981
6768
10473
60107
24718
94554
69278
1313
55395
16284
37859
33654
21062
36928
20713
54783
3861
11285
1166
85887
93726
42007
62817
32530
18295
30925
78726
3884
12727
19460
13846
37261
23164
36642
24007
71354
99834
12694
57449
45853
3254
50093
78760
19236
90763
5349
53274
38476
16874
35228
13546
48618
23246
92215
50925
95337
78843
44531
32139
68272
8855
44030
8245
51456
43581
17571
33032
99594
89608
86589
31252
24765
3399
62162
91400
83696
40028
44810
94713
26489
58958
65975
74077
79448
63347
13405
66994
56112
66708
98016
98980
66337
17109
6689
28610
83935
23508
62785
54410
32462
38789
71622
87705
27470
53107
99648
40524
73818
27297
24646
42422
96119
73398
91995
46449
64624
21895
48955
80978
67411
53437
1294
30772
50555
65797
87831
81796
53096
33194
88538
83512
15041
57668
69595
57512
89958
33059
81256
10948
25718
81552
482
47695
80036
98992
72073
93910
40126
77887
35991
51704
25523
71319
12149
66948
26998
73195
32859
72558
78626
90968
47098
47250
68477
65375
75183
60606
77653
4229
55986
99108
28904
98303
43299
53923
86503
54702
4404
27534
18522
22762
66809
52438
81115
29572
83518
48700
64206
84579
64418
5980
94673
83196
28959
44438
98740
39137
41801
36004
14600
67799
80302
97149
24392
59336
68830
11179
64342
1417
96466
41934
32033
99090
44368
55064
13923
89694
68593
60012
68259
34719
22782
24322
66898
71017
41308
18929
45067
86389
71081
38587
84985
43672
82288
84616
81576
44223
42986
6646
22565
84873
38122
86541
98118
82554
33750
30943
49614
23553
98354
25658
20723
96596
60552
80280
76046
9828
95208
90362
77683
66981
55427
88247
73620
2797
18491
29611
73370
68669
85830
90177
71665
52635
6251
15099
51310
62893
11744
25791
81872
47826
97349
84580
94182
70740
81795
49896
95867
25317
76258
98197
34048
87543
49369
14984
21403
99761
83860
28923
68217
74145
48415
52860
91422
81285
59049
46146
1660
38704
74051
45216
72142
13447
82648
62505
22782
82357
81131
81913
4816
71692
68768
65886
69864
83411
86234
94847
57070
90766
77930
52543
96951
60543
4800
36577
72653
8394
54325
5385
18301
52438
19314
96242
12397
99330
15827
6976
98326
97736
62713
24015
38808
34806
17609
90458
95544
80345
14021
22850
27832
80174
73012
28198
50963
2520
70821
58068
42130
29532
57801
55748
95973
49633
39701
50702
23785
61535
61343
31313
57147
43467
98731
50649
56089
81953
68715
18667
50639
41596
48117
17105
96316
53930
94810
64791
37964
18217
9213
77440
82075
93682
82995
48461
15788
19047
28855
38851
68576
84292
55853
81110
39181
54176
28642
25920
38025
31851
96763
36529
80299
96241
40342
80666
95178
97044
98075
56414
44412
4817
47209
38620
65311
6846
2534
2769
21665
18033
46406
68739
12981
69707
23436
88921
40440
18403
59174
10114
58747
63411
8904
44810
32342
4758
99227
54031
84218
39272
24588
65608
93835
73084
82243
70719
23805
9869
38990
9056
64627
36554
88615
20275
33840
26102
22703
24951
43041
79833
38253
35638
83823
99983
70587
33566
31826
72476
61205
52027
72425
98448
25796
98734
65199
61642
17
39467
64608
27690
71941
59557
21198
93272
84082
60439
5778
57078
81311
59614
92026
96719
35963
68192
10610
38021
72271
25548
68726
25671
23866
75335
5247
36715
86775
78124
45120
36621
35280
24289
69322
9205
24517
30108
60625
92600
5166
11341
3605
61371
30817
52837
1594
43230
83149
30033
16258
90547
79510
58381
98927
88844
43405
8390
29137
57130
3212
28759
8241
36618
26850
57793
91205
62564
77082
15467
37601
99020
80687
82005
89483
48986
42825
26157
93218
87363
12039
16540
73891
79451
36473
22466
89712
25505
15294
41583
23362
98387
88632
1637
32147
15911
46329
44698
19742
3647
97534
93741
52556
63464
89758
909
96143
52901
45270
76871
83644
45733
93992
26721
59327
89157
89608
14603
55181
12349
51174
31156
50435
804
8242
48439
83198
73317
34318
4314
45559
16269
31055
87305
96989
69461
49761
54632
52734
76593
11193
81398
26715
920
33584
21739
71114
85826
45393
75677
32785
21912
88957
71540
54976
64406
1307
57737
10030
6936
2426
43274
95037
47771
89922
52245
78245
59403
21882
32637
63496
98634
45566
11489
8382
76801
38877
5782
28584
35796
87488
4938
61454
64764
52986
36236
73656
54239
79256
4411
46197
12767
18762
38113
10632
49198
93148
56031
69863
59925
6504
7412
33774
82457
88867
53240
29631
77671
39025
93267
10039
34873
23286
86783
1021
34480
41834
56116
82054
61374
45594
21313
72096
36105
21420
1560
51725
70719
29647
63063
1123
4027
29309
94163
16131
67010
67387
3197
45682
25288
81516
42741
13041
73930
28041
89155
53097
53184
21983
50495
50158
93216
33931
1882
21261
65483
21112
50801
11769
75569
15519
46154
58663
52953
26125
49650
77569
95698
69958
17868
90022
2180
79624
43115
85671
12471
24804
75742
5366
37448
11686
14078
80071
71480
28305
85695
7691
66077
37469
80328
98341
6704
53019
93931
8975
21499
55697
62563
88998
65581
66823
1515
87799
33430
34422
95115
71166
86674
12787
8694
34076
25155
80537
19538
21301
71388
86848
17050
5224
72264
19197
51021
80650
85212
80185
59977
57291
13389
48847
86427
88787
99171
6488
62517
52369
90579
78043
34952
87962
37658
91741
54686
30879
67584
49220
95141
68156
64199
4397
92923
80704
57316
77642
62058
87769
66240
92648
31537
43815
61679
76633
9700
70711
95252
86671
71164
17178
44497
80104
44390
76131
21467
11576
7680
96954
86492
27214
75932
4275
3529
42002
97264
57086
53626
30581
57865
83330
87794
1783
84291
16033
61339
16770
74582
94003
14413
48734
62945
4650
97203
54821
6310
82274
33796
92746
5151
5103
70564
54404
8447
13110
67537
1464
50132
60464
80776
42696
43154
10438
90589
80321
17512
36381
27988
13655
45087
23192
84701
71584
42270
9403
17797
7431
53157
87958
57948
67063
51842
87263
69919
26500
15666
27361
67738
77214
27332
50939
1967
2273
87157
2796
81689
21964
5303
95512
72885
94899
65239
82289
85558
20216
96455
36690
25373
25155
90444
8667
69233
81270
11352
97183
33155
41736
4770
29400
27072
43809
21103
63394
9203
13484
69902
66373
48139
19217
55564
94305
70170
54205
82398
29165
74205
11363
29298
79204
32001
34148
25165
86085
86312
58259
85530
47177
94226
6159
9473
17876
49566
31930
78620
37160
4763
11251
5310
87164
46333
50094
39950
92820
67962
71318
25765
91980
40696
75998
77565
54727
28974
96935
21861
73162
78850
59810
23463
51059
93166
65267
18291
69650
65102
8433
66147
25799
82373
70827
3277
33606
1147
19413
19757
23469
31635
73088
1476
18130
32536
30414
57164
35488
16238
82719
61647
53979
44596
4942
21348
27658
85576
89427
90151
62399
6757
21207
30830
27095
41116
90397
12905
43544
48169
83418
57562
58303
40589
46028
98991
93510
66351
89610
28587
41249
64588
67181
13457
15081
37463
33650
25939
67499
81201
65315
37747
17132
26013
42045
94932
70075
74436
4922
49147
49855
57344
75853
72785
58818
54600
15334
50351
15449
23547
95992
57073
94988
54938
67965
60598
57168
39271
41273
82874
3254
71211
99837
76182
5696
65637
93573
3981
27595
26909
22921
61056
99798
80519
76509
70376
91098
88114
49495
18536
22466
49321
8390
81684
80920
64748
70108
40609
78307
6662
80087
29883
14367
44146
81669
71007
21757
50624
39349
76083
61592
41158
25862
18705
75279
44044
9675
94596
27431
75298
11937
60502
59687
99377
47294
40583
67687
85581
97292
29208
20603
48981
29612
70444
20686
55904
10874
75519
94967
46593
66508
5699
53754
58969
81461
24256
46834
2935
10656
1743
98773
90720
68130
27644
14635
4392
57901
21503
29842
17788
61422
55343
24684
35682
30415
8093
7503
97396
64407
28360
97486
78015
70711
96605
28294
39634
61130
100000
73449
19827
31870
47812
84700
6159
14929
57869
4373
43379
36005
74383
49405
52068
37631
48647
21808
26949
97110
32148
57777
80376
30000
8645
38252
83389
15347
97339
21939
51775
21954
40130
6178
89886
57639
70160
25103
48687
62381
79600
40576
12664
20677
46008
23476
12571
96043
65475
92713
72476
33874
18127
64816
8846
15816
34171
60320
53072
13906
21291
58929
88187
1139
7438
60226
8799
90841
83251
4435
70428
7388
45969
47109
56507
94566
52228
75568
76937
97943
6590
54892
67811
87487
34290
40301
66068
83640
88780
52973
83045
65796
69402
65768
47173
96156
19874
64593
29191
64501
91787
56882
6975
24712
84127
11483
5647
98440
59086
29333
50029
13454
9750
55911
20136
53336
48322
98876
64627
91013
37916
98981
83762
77644
47209
57277
17284
67671
27865
31847
68788
4306
89072
11339
84762
20172
97588
25722
74487
31846
57538
65855
22082
5601
30765
67555
24411
37890
8909
67291
33020
40379
33466
40125
18274
99716
16228
57010
81881
92294
89597
89160
80352
66846
69376
8161
98239
37593
30600
54636
10284
41693
89581
60833
62634
98445
97737
42639
21446
11597
66110
4240
4332
60870
61404
39544
21448
92633
96174
4659
84771
24654
84212
57685
88187
85165
74212
33905
79101
37638
95114
30957
34460
75778
52418
31515
99225
72825
98391
76871
25740
29535
61393
97304
47680
53453
49422
98635
70987
77468
48589
38000
93962
95264
23636
66541
78694
38644
50771
56865
31585
62690
4497
62679
32429
97956
16595
20735
85677
55738
52381
17794
60080
67206
48031
80555
78400
39102
51087
98339
92178
76073
18940
53760
9735
60693
78555
89057
25791
10299
48570
21350
49942
41698
81688
38991
55476
82747
26676
91050
38044
1844
63115
96157
81995
88644
48209
48237
56134
71384
66172
45441
79450
71760
78707
48143
61087
39760
95877
43708
92960
71180
12425
51592
62808
64878
82411
46950
45850
93113
53229
29215
14213
29399
4458
17602
44838
20284
76609
50446
59684
36197
86867
71300
68663
35089
98330
66501
11783
33197
39022
87983
49163
51373
41113
86669
73234
6150
16121
20442
14866
80934
99210
2544
42957
27494
71628
61812
40111
97780
8480
75339
26012
4823
38064
29652
80753
34990
89851
95803
39087
67145
5480
30558
85665
47607
1772
29008
34195
92530
28171
34816
76465
96117
48619
65470
48360
71721
25795
20904
75734
70212
98022
25661
93126
15476
63501
74028
46792
33842
62021
266
770
42188
27791
81087
94416
66823
60165
71912
45463
67677
50057
25223
19665
89742
84080
52845
80842
91599
19502
81872
48361
78374
1312
16872
87600
26351
19599
24803
6245
94733
21649
54269
37873
19966
36433
14728
72191
15254
65133
66156
60869
93612
9240
34847
98032
55269
92995
24602
44344
26071
32786
28354
9031
79282
66486
918
69761
92814
81214
81402
91714
16537
4115
21371
40746
8861
74839
70125
50394
94151
60738
50681
34441
84566
19962
26692
47673
53510
4463
50926
13657
96422
77315
69665
32320
70135
28048
3231
20872
38056
52901
75340
77485
68735
90366
22246
2216
70699
56716
61965
86747
17988
71524
75860
73958
62935
47814
79939
60375
46837
95747
53332
25351
10205
85469
28036
41297
84572
13681
37642
93077
5018
64469
73236
5516
59299
21314
85271
87079
94582
47937
13050
12838
8522
38564
49553
37529
48494
53865
47036
89351
64317
29635
68423
84835
33860
41309
67658
82346
19642
4450
7468
11406
2654
55330
24324
32922
90771
77887
23766
28116
9679
36011
27511
33201
46875
79660
47208
68958
20385
77407
50874
65841
60336
96312
95903
34107
12168
66299
93169
70358
17041
49174
24788
44283
83925
50316
29618
76284
81236
56088
98176
20970
38366
63456
79129
56668
74655
14616
70579
20454
39402
66593
74198
13060
51406
7298
16748
42922
82108
52400
35902
84676
76569
48386
87552
13338
89502
71429
72039
5115
37085
92056
31993
48848
40401
77315
70668
26458
34195
29983
95125
62972
61074
4513
98165
72920
66297
24087
16621
34396
15090
81779
84935
35098
12251
72489
78400
51574
56182
38281
94109
8353
72910
90907
83445
35416
33774
9685
50887
15985
51517
67238
86639
21124
51475
56207
46831
56224
99420
69831
34089
42711
34691
43863
25924
830
6704
33467
59219
10880
51655
87415
96782
22729
79466
78817
7116
20697
98107
45747
91706
14097
6161
6558
77800
22360
13899
86795
43251
48377
61415
46772
92532
9230
39910
31795
43716
97435
10601
94141
50297
1234
81586
44680
28865
15932
26105
12949
57605
5587
34386
33977
86092
3589
11020
72447
33321
79531
54883
62438
79504
10325
95502
97545
54155
22768
61469
42188
14655
85674
77094
96769
53429
22363
8040
28942
12895
32636
45871
32624
55186
84180
69990
56485
1312
70063
82766
28753
90093
46907
78567
22073
64788
77416
13413
97642
63939
7425
24702
39013
25177
24306
63050
52360
96412
18170
27343
32748
44196
72670
90060
79805
7466
31373
13975
33274
85273
49816
27419
27646
83170
11293
94603
85127
45759
26859
34710
82350
9000
90303
60606
73422
19982
78390
76147
6039
54441
23144
27730
55713
57369
83686
22517
26395
16220
15673
12984
75557
9807
89421
86310
72223
18971
85355
34479
4676
9000
398
42660
58028
81031
14702
9301
30995
25068
37717
32617
16639
64578
44892
65000
33859
23153
10987
84353
4066
82484
56662
24665
97733
68698
55621
33707
75580
56465
11705
552
75148
20988
85312
26090
48417
51991
72928
92509
2393
22287
41446
50112
20538
56230
24982
41216
47668
53380
32624
73493
24406
99380
29202
20911
17399
57303
49803
37509
35759
5132
35005
89057
97730
62647
49282
56041
20040
86758
14126
79880
60553
73414
82663
5517
50378
54479
34123
77977
15650
27992
77386
9294
11863
92112
52495
92893
62035
57892
55699
63717
9786
29574
77402
45640
28043
91191
32203
3322
83677
27541
28149
75687
75477
40844
62231
8691
58371
55895
87353
22476
85355
25895
54091
29682
29418
39483
43545
14777
90568
9340
69505
43024
32993
9757
96244
67428
15153
75335
34824
42498
81258
6482
60336
94118
55924
68789
53575
59919
87391
30395
35007
64060
79742
43635
47324
48275
76116
69369
58797
39400
72377
88446
71734
27862
41094
82278
48213
55334
88163
36118
34181
43937
71667
72627
6773
76210
89051
7943
32350
44623
49430
45502
17965
42874
22834
33232
67005
22450
44104
93153
46648
91976
22651
82097
65318
42431
72628
90956
1607
36061
20337
52474
38939
74470
97233
53405
79111
40853
37741
7643
85157
53065
99539
15213
34316
86108
59048
8692
11633
39892
18492
9700
66596
29318
97439
33662
20327
86794
65114
80110
318
12737
28501
78675
28030
47100
32667
60653
99358
28713
47565
67196
23872
44706
29299
97646
7085
90900
43385
31464
20038
42644
13511
72407
2041
34764
92465
12811
67632
50926
2023
27240
20754
82581
71193
39696
49044
25816
46807
48680
81098
26102
84438
67326
40039
81938
9871
85320
43000
32310
60993
1702
22075
32755
25946
2097
31913
77890
78880
53922
3810
16356
60107
54276
63176
68982
30077
55313
96772
45815
92203
64030
18846
93404
51286
93838
30597
83338
37153
21479
2027
23396
75722
60573
72972
98332
97751
26715
182
13623
12868
16782
79733
80619
93327
87985
14034
92681
30688
8099
50038
63160
13204
5787
61494
54379
18172
13507
16312
38079
35298
51647
99865
6598
55943
46309
32283
48503
36693
27345
95622
84242
80874
3652
87933
79680
148
55449
94887
54683
4618
17289
66109
1973
69411
85590
59142
36160
26403
88795
19705
3862
66771
60324
42587
49906
64773
29473
80276
33819
36412
67801
38197
17872
11527
75555
96036
89851
43916
2305
94828
80565
48585
39758
58903
97791
98423
47776
8672
28695
10444
60738
10248
4778
73096
78854
74067
19128
78638
98676
14325
20195
80059
54401
30532
1844
57241
4236
51739
28169
14099
39326
45036
16628
76238
27818
16863
77529
66897
69783
7396
34752
87805
84048
53071
30955
60508
92594
51709
40096
37401
51043
91574
18582
73463
89735
51788
54553
76976
71317
54775
33461
64062
5592
88927
84274
33947
46
232
71666
86625
52435
80126
78713
24620
58191
81452
12991
69904
8248
87959
50966
34862
47822
76600
72462
5785
33873
90290
44497
22368
4845
24046
63044
65970
45864
61208
78694
78769
7356
92917
42642
46022
37270
51
60196
28308
9808
95449
41696
75344
76405
30399
93945
65866
89280
41720
9830
8787
52702
72285
19724
3151
51000
38146
78061
63770
66915
37649
61639
24622
77519
5594
79375
47610
7955
13441
285
20206
9168
78359
85784
94609
39988
97367
95747
88703
882
17408
29103
52571
59832
89215
82371
28696
64732
75086
28632
5064
66979
59742
26958
30737
8670
16146
81430
4658
53385
88206
60227
58778
88308
71011
30093
13247
94452
35010
33913
78350
73803
53285
38012
88633
99484
31802
42247
96563
21973
76982
1834
26621
26230
25503
86208
94957
94913
21679
78967
50123
77618
69577
51081
11467
44769
53576
14129
93826
32892
11403
72112
17146
71081
29838
15549
53089
88667
52099
17429
13555
31042
2834
66898
29100
4286
29761
65004
5197
89758
39600
34037
36800
13517
5151
73454
86553
24367
68844
69026
22524
48030
98088
32384
66905
30857
57139
98899
32753
39001
49111
44299
99188
36400
30422
94156
92158
12123
47834
32181
76296
44915
13280
57822
94194
13637
10272
53469
2019
61031
470
78189
70171
2378
12054
60308
2828
95344
43718
78261
59721
21561
9711
5359
50956
5783
60790
80011
6488
56362
52676
53172
17248
62779
57819
61213
96585
11601
41715
43124
28977
8242
83129
44905
75200
15821
81885
41730
65253
56280
94485
73818
76435
61298
32799
4460
17869
42206
15102
59573
22741
92304
35174
85695
45251
85208
11551
81493
18368
68047
17514
30397
23045
75615
68926
60729
91442
18786
1653
90203
60583
98838
71211
2537
48416
36166
52324
11499
9664
71138
13645
68426
76805
5672
29505
9563
68292
23186
66665
70202
81963
37608
63414
66307
28408
51229
28575
48617
15585
88347
72111
21846
49365
99373
47831
54495
17630
35353
71489
80202
9614
1340
62179
88156
4755
1770
13474
8
71156
70775
12591
28485
69414
76559
5293
65990
82177
7212
64778
67748
79912
6535
9302
71125
21214
29931
84548
69651
80759
81783
6284
49596
34944
36505
40027
42218
87819
72668
72171
42776
79753
7815
96054
2263
63622
96165
61315
89393
32810
70394
27865
8160
31638
80873
74176
8600
84572
61800
7419
42273
56413
5560
21988
11407
10831
62105
75931
90679
80814
64954
89045
95224
64084
63256
59697
67757
83753
77665
70576
28337
98378
97699
23665
21537
91276
63503
51832
94196
26099
39759
61069
77323
68997
94089
4821
94825
24113
57153
90064
97283
7323
29096
60795
69172
69912
13102
18496
72034
82907
72382
51865
12584
20009
17996
25116
76281
5390
85978
30541
82686
8060
51736
87012
32626
99153
13175
933
43026
74827
40775
1168
92692
49408
34250
49939
59940
49662
62006
73790
62162
43479
47347
73965
75567
38167
25596
78553
73511
89931
48086
36714
60195
55867
60626
70800
71750
25817
95081
81613
76187
81980
53879
86820
82738
54067
61139
7128
67394
44580
94697
69550
29119
17841
38701
11009
61091
81579
73255
69279
95488
21306
38214
13644
22611
16358
1699
5153
66920
68886
22685
76892
11393
67081
84723
29089
54554
44559
8564
95221
45101
65511
26221
75686
1197
70075
82369
94617
15275
80694
55775
15782
54094
49993
92575
25616
67641
68545
94034
79643
41225
5733
76952
39178
61459
94252
9448
91640
26072
59225
6915
75824
74559
14325
27064
60621
52532
7534
70110
18243
23810
44862
69138
33062
83150
44698
16280
96975
62077
23379
65972
97854
73831
89303
4952
54206
34534
20922
7999
93636
94146
6174
59338
16779
23584
85434
30904
68077
76546
40562
4241
29123
20570
46846
34699
9588
2720
57609
37594
18221
37186
78828
88955
82067
21579
74648
41636
18921
22909
21462
64727
68753
70
3054
31033
55505
86925
26527
43579
584
25290
4186
94714
57937
4768
80018
40311
81182
6881
23257
43259
13094
19474
9427
19799
72601
66161
74987
53757
41012
71334
78549
94788
59498
69832
37249
70541
45281
90209
69153
53339
51759
84206
61694
57033
34928
67843
92267
90365
55217
45904
33389
22012
53355
36517
38250
88018
95416
71504
50948
3259
68801
27783
35570
38443
98370
8331
13540
91300
83347
48698
2746
55856
19552
89481
63123
220
24846
22427
28339
56452
55571
75302
60086
44946
25679
98547
39442
74114
57996
14422
61597
61967
37896
13143
15496
40505
14966
1567
72594
74155
29205
86393
89544
75462
47707
78000
90411
52498
15939
63249
14680
41011
97851
85770
42931
21986
62991
54252
15339
4525
75306
85548
4933
62584
69720
48906
23777
6954
49011
59171
3785
35097
28962
55320
11691
56778
11389
88204
51544
3012
61643
92191
71163
12245
69027
58430
76984
4401
81302
11138
47767
70198
1740
40066
79166
61841
62376
50284
68119
54728
41541
96811
2552
38474
80677
883
22644
34742
27770
94991
93375
86568
98807
63313
78588
13068
77678
3174
72568
62181
1553
40039
58722
14913
58352
41758
15731
72512
24446
16592
64027
27491
32299
98521
95301
90113
4644
87571
10685
68259
27144
83760
15778
74335
78209
38839
87754
11625
28524
83786
81939
99760
76486
32958
41490
59666
21613
70669
18513
28366
26223
17865
12360
47464
53418
99673
81515
78764
18648
75451
92955
60489
63747
77487
21083
45350
79458
38033
29794
5379
8657
78760
12028
61550
31197
8912
34268
99609
88076
64365
85806
53750
46470
22275
23286
6199
83735
64184
43722
91611
42440
51337
77799
99190
86757
45371
32297
11771
27975
14110
19772
69149
87844
87430
97302
44812
98010
25265
96289
14930
90360
72866
2465
97759
17169
77040
27856
83037
77059
69809
44385
63730
92261
36690
36840
53
30071
41259
25527
8808
2042
1756
30177
94734
30191
80005
90624
89154
23198
40628
61477
64767
80750
7324
42992
24543
5564
55256
77661
83299
45647
9569
67817
351
87546
53464
97406
42563
5897
91359
77633
87264
50880
72284
67415
43825
31140
139
92355
10848
34328
75235
29067
85967
21881
23789
44095
37721
91779
55985
98770
33894
67152
49300
50483
85749
67404
23655
58749
64374
85328
96396
25353
23572
7564
28044
12891
17656
13591
62660
4681
47983
77188
2663
50789
12757
10087
64464
83572
51167
8541
2474
37167
228
51028
31462
84092
6848
63645
40505
35652
9921
86839
19239
21788
12552
37842
35453
38515
97946
90958
42901
82016
76237
14394
16091
5648
95564
44593
16817
58531
89438
5439
72322
14659
58865
27399
83644
90777
75935
37294
62868
47532
81235
28965
73759
77384
85992
31244
43746
12957
19107
84056
21972
401
33041
15046
24024
41013
63102
84556
77449
83309
62266
11456
66566
33185
91721
83961
60519
61966
79164
63443
13509
22313
90346
69504
28949
63055
35477
7627
53778
9524
60746
25909
91301
34687
73096
46665
23148
71236
54192
6184
73007
82346
45723
24965
29199
67413
56582
61072
68821
40877
80928
10993
10574
191
58930
6344
72359
23422
95275
83101
14244
29107
99837
67117
48936
99755
55969
43342
34984
4950
96095
74706
61770
79461
77792
16886
11824
68642
22637
39753
96138
11489
8219
699
48980
27108
1463
75647
10661
32021
35686
3896
79546
28191
83064
72855
89543
76591
25868
22193
5401
94135
94693
54065
18187
74844
85338
97822
56470
59356
26021
79475
43530
22541
82307
34742
90795
80984
25484
35695
4790
84194
68807
39475
23102
46759
50539
22724
76186
43013
49616
12130
69158
71476
93785
94015
32373
43227
60056
80466
79641
39195
78977
88718
33647
31879
62416
43680
74157
9971
28395
16383
91084
2097
70070
14408
90066
36844
56492
38361
81253
6924
26463
87449
88686
43891
56406
58006
35227
72711
94791
18069
83573
4179
99053
32607
30398
35070
41511
63993
41227
957
55341
73813
48543
81187
11755
35830
95645
42662
47721
41778
72249
94808
54546
61756
24652
44614
28817
31701
1573
55483
27021
43161
88216
40933
8675
69061
25294
47458
94805
13856
22967
11652
36187
121
31433
23367
40499
12053
4717
58804
12709
22753
57369
99858
29853
31839
49681
81759
75444
85313
46756
57131
72030
82552
14292
10253
69970
37781
84767
23894
40017
89810
7169
10768
58259
64840
93718
50974
68686
80659
99431
36248
15404
73520
47466
85142
76594
30428
19010
4954
19944
81614
94840
62425
41532
12226
70057
69651
52584
71114
26957
35998
30693
20762
40746
3526
54252
52314
9816
3190
96372
43657
69603
78976
53773
19883
73190
26459
94250
53042
33123
5642
61146
1297
45953
15958
88709
72253
49430
77026
36599
93087
30155
46553
43703
64408
1220
57901
14653
26180
36325
53864
88993
83941
33491
49906
49273
76820
98700
16118
90622
450
67762
24103
69937
91226
22688
43468
20901
94529
47435
58538
56786
37086
78500
43873
87027
37990
58961
86738
71644
97559
68146
36469
94091
43238
89181
26924
3135
23596
27925
48539
5973
98154
96681
92107
51003
32145
88956
93572
16374
78332
96584
40598
52778
30307
48186
87801
20643
80086
94540
2382
41196
8283
53547
56939
12855
28
16955
86087
36745
46412
98934
17198
54447
75435
52436
13955
51809
29932
56440
61715
39691
53275
649
60545
89302
23960
68703
39890
68031
20323
55456
2733
95504
62487
73052
88933
98549
94964
47697
40466
92750
22990
3976
73562
30780
14922
91706
80160
13258
22959
18308
30409
8969
52170
80048
83450
43737
79375
82246
29244
48617
62774
51516
64507
43099
31325
95127
56851
56790
82625
91367
95619
37463
33404
13295
64696
51787
37877
9254
66329
12727
62506
69679
12799
19953
29592
4195
65965
79363
56696
18456
82299
86133
69463
47295
1193
68370
52364
44527
62545
81018
7354
46744
88535
89909
50044
73137
13686
17452
61110
21069
40511
26034
29443
2830
48157
22931
39309
14661
38696
87563
64405
25773
97690
65631
85860
73893
69270
62450
23632
86203
93397
69972
54266
6292
68303
71214
1353
15268
48044
81931
96987
57845
38241
50365
39795
19685
41614
13700
44524
53403
93084
56176
53856
56170
45446
26721
37698
30324
21081
18270
95599
99450
64141
6674
13212
4382
90489
57956
19593
98456
31557
8937
20507
10744
67324
15884
15231
13595
6928
9844
16566
84638
83398
63363
87046
30152
63421
82169
17084
79618
87947
94214
14316
22363
72778
61166
18084
31295
18994
97704
52686
91697
59564
12439
85046
97986
89695
78055
53031
91557
7986
52775
45587
4794
5242
63717
4538
66323
38309
64906
10299
13839
81840
561
7137
88980
23133
48528
95484
71239
90718
69250
55735
3398
35675
66612
30168
17779
66232
85097
55865
25154
91698
88284
24856
27437
22535
77820
40661
14289
40021
43758
79036
54331
3819
78199
2602
20643
90427
70374
97387
95499
71979
66520
92674
44210
67697
77031
76324
61852
84755
33670
19174
7445
95181
13319
5609
80525
14420
94904
56538
79726
49268
51083
27931
10837
14651
51044
30304
8436
40449
70359
32761
99339
35495
50256
37275
98642
49733
20208
51945
64928
52636
20691
32464
6681
71666
95311
58099
7271
82647
53830
23122
18786
74396
19052
1420
7872
52419
68415
64795
89440
80980
14266
45788
26501
86316
65049
37367
9632
26588
53625
59100
10789
87830
44299
37715
85820
22977
61539
37306
67325
16501
18643
83137
32433
26675
52924
31944
6449
20340
89683
95049
50557
5972
26015
34560
425
99207
12699
23607
89570
17573
68671
28595
42070
17359
86163
52806
81767
74215
68996
17648
60971
31567
67597
20232
89797
18891
21036
30376
24405
48335
78526
13214
43968
96458
9791
52142
2148
52746
53161
98582
80773
34625
70093
50386
91318
96168
841
58492
17726
96930
78264
89982
86002
8412
63222
3377
95981
58733
44543
96902
54572
90170
98359
29820
50278
39127
96676
29480
50865
20778
73200
10202
79056
21328
46968
32410
75164
87466
19155
45744
72630
90698
22636
79803
68543
54859
75720
88658
47697
95166
17660
83971
27244
7397
52677
37233
86368
73477
46567
9930
7958
69795
42838
71992
5194
46701
28973
9653
1383
98202
29483
77962
91306
44514
98217
55197
55747
50894
96725
61258
47020
37037
27750
70708
94772
46676
83639
20293
50067
30429
556
58993
81939
33224
33302
58656
21812
12260
78195
67092
42826
62013
31302
52468
93863
78443
32808
73620
62085
96271
26179
74351
72303
52117
94325
70602
83283
86396
19388
87022
92710
77962
32119
33693
28756
70934
92941
21299
60948
82693
10816
29798
86283
95947
17851
52834
32777
16102
49368
54284
69638
74678
53978
48860
10349
62170
24799
68703
23724
58989
44233
721
29297
56008
53390
73249
83127
42754
89502
26388
27051
87676
26060
59535
53417
70272
65566
56972
12698
75234
364
20114
16379
47255
12093
71732
37246
39545
62118
4314
81778
21903
35341
54689
96184
92306
23259
44967
36903
33692
39016
21088
52880
51584
18784
84637
45680
13793
98818
49374
74730
45999
14909
45147
15410
1386
37474
42840
37933
38654
56736
73150
4191
46649
17832
71001
8629
17335
79420
49238
61925
4606
94408
28741
93511
53684
16644
9575
93602
60852
95678
40302
39439
44005
92820
74674
92852
90046
71322
35094
93966
70282
86023
63798
53147
81737
83489
8810
93755
76861
78686
38859
46121
11147
96298
53708
50414
76725
8580
96701
78936
61056
47643
41085
48767
58092
6066
69458
83583
56951
43451
84806
50927
59536
24858
12663
23391
37175
97448
25552
54139
82690
51437
72289
59186
46781
56613
35881
55294
476
80780
72641
14445
71933
47038
42231
35074
18197
62717
96278
56530
18737
75988
67975
88842
16485
48117
45761
66156
30881
58033
67878
12999
64632
90957
97039
62002
3492
30022
89801
93777
75121
34397
27518
67033
88504
94611
46253
156
81231
48827
50920
32997
59258
36434
74038
3889
73468
46554
4391
31471
71631
78511
54465
81583
51868
96386
28885
66984
91571
93361
3942
86678
10878
23931
50215
31546
31971
92234
67653
60259
40643
23628
97398
90247
12119
11743
70973
85593
57093
18145
99089
88881
50801
30287
69064
45700
37638
54600
27135
74885
43157
4530
29356
67962
89865
14701
9206
19371
75425
13645
11634
95275
3701
38742
50207
53996
31327
4186
71972
83938
6916
47107
83993
96980
6758
67385
40022
25843
93028
45950
87286
96378
49098
67328
99725
59152
69290
26666
37311
35068
48269
53818
81535
69065
98538
60521
73467
81264
25826
45635
33351
68281
18516
65267
5506
9575
46808
81480
10558
26305
38115
90261
55096
85687
65602
75519
3824
63256
75273
36121
31283
88202
67263
37255
58323
73757
55920
88145
8058
24514
52960
66809
28337
98243
41399
92344
70107
58591
14311
34961
70618
44879
75362
85317
85227
8941
97529
39092
5139
76813
99056
40701
83961
34270
61274
43752
19562
69941
3346
50495
66163
18043
66220
79711
33106
30876
96199
5876
96045
82559
96605
65942
96445
25166
76835
65267
65236
91003
85945
59112
94643
83552
59636
70581
72318
71106
90128
64234
35258
27174
87390
41058
55791
12861
73965
31398
5573
69398
11823
23773
71103
86765
86092
98859
69410
11680
19771
10284
94647
19749
38394
18988
75427
91208
29468
21710
38135
93721
51391
65915
64319
4208
96020
11241
2068
31765
948
82601
43037
61871
47755
51691
53498
87180
65747
24339
31835
50956
95915
5789
6351
92941
14943
1436
35909
61054
16883
66808
73248
45568
48712
79714
47875
76700
34437
36255
89393
51512
31331
34287
34651
92814
48485
82698
15729
7141
56310
81672
73191
59163
56868
33637
55054
11555
25040
85412
2454
94275
41865
21767
87150
48263
35058
57617
99320
8821
92229
61582
46368
90103
88752
36209
91913
54237
11644
27750
18476
78216
90052
58173
74357
98885
33446
75064
64557
85811
66317
48644
71911
7946
45024
35824
17447
69206
43529
54717
76681
49187
62138
11231
13624
53769
24026
27219
59875
93591
84574
21316
59507
60282
49764
4864
99926
69159
28682
65988
71555
8050
89399
91537
43924
43640
46182
54994
81389
7978
5497
47783
75644
96562
31717
53721
98601
75885
20349
26598
74655
62855
83412
73319
14766
52503
90135
20388
23063
71149
1543
14468
13495
71693
67030
24967
24641
51405
16551
82683
52007
39189
38272
75345
64009
21738
17600
9242
66176
86856
49218
65353
67441
33347
23287
2849
563
35957
99118
15070
79625
9547
29317
62627
26881
77949
91771
79883
36011
38384
35997
22327
37376
31240
19650
95613
7191
94201
49603
34794
93404
80151
22476
56418
71304
54590
90159
70356
68674
25059
67276
43323
53767
13495
92237
1677
34921
92636
23985
42524
37880
42415
78969
77321
28486
20822
35768
83481
91929
48144
66780
90999
61013
71537
49703
55743
67754
55118
71399
35657
40925
27820
61538
39348
9587
71774
6309
3579
65752
15150
91249
59034
91325
13616
99117
8468
91101
89071
27956
64721
2515
57463
9385
7793
4164
90445
6693
93071
47591
17135
88826
86683
2049
62194
50890
94316
98326
21325
61339
20132
36469
791
93247
88209
71371
74572
59634
68147
84576
33505
88452
73834
38807
40062
16280
41361
20392
86035
53642
4402
73131
21168
69234
11531
32444
74046
57127
69277
28185
80172
32316
56322
97911
54008
57717
71944
87733
39524
63495
28200
99244
54818
66477
35085
56905
80700
78782
28507
85965
98656
24571
87178
39508
55037
95466
70314
50242
21867
11339
92972
64182
66443
53123
66508
99674
93242
45629
28079
66630
33350
31521
58644
35404
4391
32521
92114
76923
80063
3398
27355
66681
63438
81936
89091
41645
27253
84275
58723
31589
88151
75352
52012
13631
52691
96970
72813
86261
45806
13447
10802
89435
64435
62420
32721
87161
69293
12701
88794
94121
95256
16623
38862
10106
49916
98745
17303
31288
83031
75047
24737
8048
99485
99393
6193
40828
22857
64385
5168
96139
2880
7211
89944
40744
59943
90230
24900
21623
44742
97846
62021
24782
5838
73434
41717
44963
50111
77948
87618
93791
71876
14132
95477
89011
78350
12325
92698
63473
600
24791
15918
59347
69673
99112
85272
53158
32346
29878
99582
49901
33318
47559
14948
3178
27183
3349
33551
64283
93805
89548
51902
46491
93598
57043
722
94648
47585
12574
84219
41563
88414
23246
64421
47231
46591
82195
78989
71035
25677
38310
36100
27016
97493
96262
61126
11650
84134
35949
32457
95326
27549
59214
81015
14507
67442
55035
2285
60147
27071
96634
64730
33375
51826
89140
94040
10807
39364
34519
10485
77293
74144
36769
16772
79157
68509
91312
9306
83091
45598
30953
23966
87011
73731
56122
41186
693
53780
49488
22265
83119
36984
19805
59999
2395
87961
66774
10682
61310
54241
16881
46516
55655
44967
90446
32295
50822
23809
55642
33006
58293
44222
66896
1592
52094
62249
42483
26123
13328
61301
4353
53224
81481
91091
61016
16417
96840
93645
56159
27345
26909
46029
74213
31612
30813
51668
641
3076
74294
4016
4840
30822
41929
31889
20515
92669
72299
74731
45364
23657
45675
93030
12762
20848
37689
9054
3417
26500
5040
23434
36374
31812
53288
91797
33019
74139
25407
99882
78000
7536
4775
27196
24494
91452
32567
4083
50914
6294
29816
18636
75895
25891
87981
54939
87135
58726
6269
71555
98115
91362
52521
33641
95347
10187
51606
31758
97466
90680
42965
1321
96526
20577
59148
64642
3710
4261
22194
50741
49315
86329
35445
6424
73135
58461
94287
46276
29375
84674
51819
39191
39524
50638
17527
8013
28194
87609
91526
12994
86141
65214
95939
35661
4844
88910
39139
51535
46164
8969
85238
15467
18764
16167
93333
92911
49709
21023
54181
59875
53984
78266
27610
41662
99510
80251
36458
85163
99348
13746
61147
29380
64527
44152
28675
36037
89802
40795
35582
63306
92678
4942
86186
21561
57843
70999
50577
13960
56079
41820
92534
66470
50749
22015
83106
92869
26290
55981
99675
38780
49324
25992
83202
79012
26904
1211
26445
62599
97118
97927
49827
11133
79291
58594
39897
59218
8989
24355
72031
81307
96714
22654
26251
20847
24224
60826
61104
86261
35759
95365
18970
44134
86060
69420
60373
38117
2151
57089
16714
17718
48127
21978
1699
30923
23413
17871
37758
33302
77975
87198
74452
97578
97686
5845
71530
92931
48309
90702
9971
23486
4635
73954
77377
90127
84531
57187
75007
6508
8364
38002
43644
20576
77271
49798
54168
59389
70598
48831
54482
39238
16242
59632
65728
91807
30518
26015
43903
47680
71085
44765
18220
77943
90610
20066
44248
56635
80719
2732
86254
93518
53627
91415
70242
36331
18246
9061
77549
23853
7217
85269
95688
50929
68910
95560
63982
44729
61752
94558
70733
46386
8535
30364
52151
52288
68731
10649
52349
73472
85531
76470
65581
70287
79783
57743
66149
69220
54611
67885
66079
98781
85030
90968
14999
8325
14619
57278
93195
17405
77493
75165
71381
19103
13005
94232
19279
71560
99513
51459
29353
36060
70446
50579
16359
49222
1106
17978
17601
89393
96326
65732
73128
30224
47148
62791
57217
84990
23681
39749
69966
31983
6916
48542
16822
13594
69629
70216
91103
37702
51600
81253
42673
14166
29280
48052
41532
41774
63372
15519
28042
57873
72483
26972
98063
94735
36756
28236
58079
64014
79827
34924
21480
31773
22627
65081
58435
79734
74857
18753
49293
9595
84370
66609
23526
66053
47601
76767
69656
35180
11309
78573
92785
31735
63097
37403
56403
14985
1327
19274
80450
23429
12461
50436
28016
51793
17684
71857
23950
78821
48147
37103
3568
79560
17615
74656
92899
5770
13892
36498
39657
28024
30300
63672
13413
93293
78794
96620
84569
15902
9256
31406
97319
18772
78047
23180
36192
2375
87424
63198
16691
49197
51941
88826
55464
59571
54792
26059
71248
47752
81521
76730
24350
42498
20530
33068
22655
69657
27088
72801
35666
75380
91864
82328
5806
78812
27324
69225
16274
74539
11399
79222
31902
9319
17449
17268
25171
99189
53377
71709
55313
44298
96959
59143
5128
61449
72501
98287
35116
66399
54686
85172
30002
67270
60323
14457
16356
26093
36474
80409
43487
17981
69703
79356
4064
23887
14069
22206
45078
71382
37549
52906
22123
93559
81271
73864
89224
98184
18072
23003
35525
5813
60408
43914
13408
23611
64285
98913
95897
26153
41369
2014
5851
55562
48765
12329
83055
4641
75583
21310
78622
28029
89162
15481
79012
68497
63423
22570
7265
76533
42909
21375
30467
35919
94164
41701
61175
15173
49014
6699
15435
89166
29198
11385
58147
11493
19573
61589
4465
26935
12875
45164
65316
40151
87855
7561
368
73571
2338
66245
65774
30803
25364
35172
97086
84655
43553
22563
37858
58746
3678
4973
42854
33244
63094
59338
68653
7339
79090
17063
61010
12475
55076
94525
97653
85035
87597
65439
32631
55341
79189
7957
9941
71824
58903
63770
54850
7865
37318
94726
79536
69482
52297
18436
16018
79609
13302
64858
52454
45735
92330
18988
30533
62620
77246
34634
86415
19398
66105
1640
43024
75679
98105
3123
62867
79780
51473
18397
68843
43929
95469
69169
28724
38669
5324
51978
16966
54960
7087
24151
79851
41272
64458
2125
2217
11964
5085
14942
55486
31049
9306
58712
72345
51169
20810
66363
72924
53781
42650
5223
42654
46797
74431
9022
47925
44705
46459
28082
97872
18250
13985
14076
10110
40426
24278
62590
68347
27265
42272
2211
90869
98549
81652
95688
63430
8444
54722
94045
83808
59653
95998
33184
85994
87172
97813
24073
74658
91558
58404
66032
91796
84609
86563
64906
70353
21481
93286
79449
893
23401
45267
59423
54307
68214
14318
38791
28239
84729
30667
39816
60689
81165
64800
29419
18555
3368
18642
32691
1686
44073
79860
23457
83253
71919
39972
27297
2056
80842
19498
33504
39395
28601
10603
25145
79338
49380
40884
57848
66211
25892
73784
50722
84073
95841
81788
3298
34422
31067
50750
52866
97895
24163
22872
35279
84510
27311
8986
13741
82845
99775
46157
18674
37969
36238
47169
34374
3876
72885
28045
80229
57794
37508
35094
68874
38904
41248
96482
96423
95294
7172
42064
83582
13015
92335
96460
33809
69123
52401
84155
15458
56407
80977
12797
99183
15057
58273
19811
81521
45228
46624
47673
5713
38301
25035
96700
76674
16778
67744
26798
27163
9443
70522
97306
48220
91765
71296
94522
74152
9543
31068
25507
72685
85030
67065
75211
76694
77505
181
83066
15542
97281
37623
21568
92473
44089
3873
19254
47039
38719
24225
88991
87831
22511
92409
56018
2412
11116
11572
52268
14430
36780
83415
55701
98356
23077
41958
70405
99787
40431
82753
4401
95199
5086
97527
86571
72596
26490
37161
71602
59517
55125
6595
7714
3870
94
41141
68117
55038
60975
8886
99419
26642
49799
64973
23035
92828
77305
66650
56424
36777
95380
3405
49312
23404
54356
92738
8742
72197
67179
76647
55127
89173
98286
43137
96829
73924
89711
45583
21490
14384
69488
53909
47737
81738
32053
2293
92753
57826
82697
57658
96889
73629
77797
46380
40229
51729
10887
95995
91940
55250
42114
80623
17006
63126
88080
76181
55060
6326
9303
97199
23627
71530
1985
92762
84931
55066
30335
81828
61323
24437
97188
2602
78652
14407
93439
92412
71510
28033
33902
22415
76945
35647
50809
84106
71480
95739
93669
87086
87283
72040
82900
20835
88746
19892
6385
88369
73723
61735
8401
45377
18178
25189
54445
5586
8
85138
56564
99986
68994
90836
45849
75783
8860
68649
53358
65516
39837
28019
78463
47280
37434
42894
59007
85154
10658
53631
9752
14242
87333
16126
1257
90943
54029
64399
24774
15060
15227
30874
93799
48588
57143
90132
87813
82831
23616
79142
41488
99427
42226
7269
14987
79200
20087
10768
8802
32818
31560
70365
5924
29081
14923
35896
63119
34012
83056
23123
81711
33352
9062
9182
59208
13908
56084
87175
35450
3980
1087
70004
72456
44885
94794
36014
90735
90918
2440
32555
84069
26225
20057
33330
29527
99296
12794
83658
88662
82032
74414
8910
92117
23027
70832
28557
29562
50767
23529
32095
37551
38181
2056
16737
65840
63293
94009
9069
17299
579
52476
55244
33604
9479
83685
16490
27930
63594
96788
56156
21252
36066
24702
63511
43644
90841
79304
40901
4135
49724
36348
83027
13785
74695
49255
69026
28330
12009
88409
32935
70436
949
10279
62484
89688
71820
82987
65494
16330
17295
48985
78018
30754
94193
52233
73524
24714
43502
34500
50389
64517
44902
30124
23287
67156
96518
99918
9038
23163
72491
47445
46545
79700
58427
44530
65979
13737
31213
45982
79725
47587
16464
11932
24912
57889
20290
62240
43862
61639
91762
35587
57296
38218
46295
4120
53711
73924
32424
49394
30940
83424
46838
10911
26961
66083
98450
77039
53278
94188
27962
37345
20553
75881
50294
32401
16324
88471
93683
64615
46292
11908
89586
88604
6155
97411
30699
30459
307
2976
64001
23465
39676
7728
58732
66627
30769
40114
84147
29768
17766
69816
29397
77009
48744
94308
53319
11687
74020
34040
94077
88294
7215
77495
44578
14431
71909
39592
64979
38170
51812
60485
31530
55572
42168
76730
46671
34284
43704
84159
42762
36703
95668
40583
49790
90364
50070
43276
51392
28280
84922
49227
3962
11252
93173
5797
34112
70961
38809
27414
89209
94571
48542
45313
67689
18401
19565
42797
35649
51612
52589
90612
63889
74762
90751
87400
95538
1425
34881
21203
71819
11461
17632
50818
99328
95181
74570
33611
63020
48944
54506
38244
21617
2730
27849
9575
41907
67952
20152
55971
35347
56899
9624
26314
65882
85248
45238
303
77281
31303
68268
99600
30177
60896
34830
19880
14028
44949
49652
66650
91005
420
25062
69279
30430
54161
37605
90880
71120
90605
10817
32156
38407
69085
37598
32332
74499
63636
64763
62726
17254
82424
18573
63218
33194
48917
28644
37117
35311
65664
48383
56533
69148
33592
56837
5505
64346
33867
75543
49826
52973
60257
28067
66843
56415
68440
28455
81970
46873
3511
85567
55091
64818
86429
71518
80702
37862
50436
20311
81590
21141
30782
66691
67280
58141
36710
91391
79699
31663
13742
50723
84994
36868
24041
5940
47303
59372
45711
95815
81422
20100
68395
10419
92670
48616
15569
28779
74985
24427
2676
24365
79277
8109
48687
82099
50680
16288
68593
31564
90309
71818
39828
76509
51127
48152
14944
57845
26135
66540
6206
17943
80576
91014
3314
75522
12387
82751
39332
7234
58594
94122
41952
46537
47341
30737
26537
43563
68013
44901
72835
76409
69743
78622
53842
96296
26676
1554
32172
92821
89316
7663
53798
38801
66629
5728
98354
79178
10599
71838
18045
98117
91729
74634
88666
70781
40538
69030
44311
37773
58594
23401
93232
94295
27025
33003
95217
3937
42696
5222
36557
92329
49948
50871
80953
90605
83556
87142
88373
57653
63100
20767
10409
9021
34614
63820
39580
58799
52751
49038
19815
4036
76535
84757
23958
36923
8283
44501
44224
52303
73610
87984
45772
27060
5841
78894
91563
87289
4813
8450
89837
88186
61756
34214
91049
75539
91736
60535
19678
10354
24182
70932
26594
62749
97442
71223
31927
19051
5639
34709
76176
96808
70884
35811
65226
89193
49761
49042
82990
13266
20910
40622
66627
52273
95856
23555
74597
68035
14045
68898
84227
78919
39060
14570
29068
83178
37163
46740
31690
58592
84374
2961
73625
46880
82662
72801
10356
58738
50066
23340
55063
18186
11204
60155
29914
8618
78772
95362
94442
38232
87688
54047
96965
56376
30804
84692
26882
1187
45584
22990
85984
15411
13252
71075
15155
16710
53690
19237
83678
33932
6992
64024
79105
22123
51077
91277
43079
18231
26633
55897
86373
65934
62279
29789
31345
30843
11248
13762
85694
20477
98625
98828
75136
37675
86649
97792
44991
7925
60231
38270
46042
47966
89130
54904
12789
74192
35919
18085
5160
21204
29852
65959
97283
83518
34533
45643
75595
51417
32189
11714
22798
34148
33771
81741
47292
77832
61372
25860
26869
36548
13472
54970
12357
60594
95545
19775
72569
46508
504
34528
75549
28319
50773
43798
30671
32510
26202
42858
79399
56271
83671
38022
16107
85618
77663
64496
86833
79001
6859
56221
5370
33870
82619
10689
21438
24726
90328
16318
67603
41148
75691
68784
68134
82907
48872
38103
91031
71092
81777
78607
6264
56932
63706
78932
42113
45365
91549
61969
54980
58917
22395
61171
57156
23573
99769
34182
39414
35665
40622
19497
60577
59887
99086
11153
81722
34775
53515
7703
16880
16635
64536
91093
73367
46979
26954
83163
34429
76782
80373
16277
25956
94392
21274
38198
9292
1273
45227
3100
8944
65936
93915
49188
80640
23148
50376
70993
84807
94584
52741
87679
15396
28636
24668
44107
55527
54227
489
84584
7277
21596
84211
46151
4628
79120
26797
94684
5158
48427
33320
9102
15544
36877
43087
75968
40248
6457
85105
21800
37006
62536
76024
27788
19295
20303
11792
81505
55323
69298
74326
92904
51155
36922
82442
40475
76340
29
61633
22660
62421
35468
32945
72012
65188
87766
70301
84344
23860
56192
97704
5102
77920
90368
94025
3108
36576
45419
44662
63329
49742
33104
20532
31805
13621
75444
70363
256
93235
85102
82161
32485
54643
81931
51529
62271
90539
92223
40560
15366
21980
7483
56951
27452
25692
35975
33876
80304
70990
30755
30990
6274
53372
17716
93073
28040
64939
88576
65200
82904
45887
80541
72523
50717
27909
33647
172
80878
47023
75245
70229
45889
96751
71852
38821
36673
65183
41554
56204
40600
89485
36067
245
72154
39433
34157
31401
66930
11470
43868
2895
63762
41305
22107
44805
37791
35221
63137
7519
58587
6826
32381
14562
38357
94694
3681
50218
12259
89493
34966
51662
89824
29757
71657
92048
38609
111
85330
20951
2592
47290
30447
73066
80751
39266
83383
51437
85825
32189
96292
47764
26583
95353
88988
89477
16189
93648
51222
23083
16132
30415
28337
67713
64210
6495
82100
94706
96284
84336
77300
15043
38313
8622
11970
65194
23668
36873
61607
99742
75028
60856
43153
79799
27200
49144
66265
5399
34293
76834
62592
79733
85405
23041
27110
335
36811
34119
43484
53533
73404
22572
77627
20012
19463
88588
31973
33012
75473
68736
8256
27366
75989
125
7985
6542
48141
11751
87042
32356
86529
12177
48821
13710
21696
67239
98208
43637
89726
548
506
51293
60316
90234
14952
74956
98681
71686
77380
49642
66975
48528
62349
69797
74290
1416
60180
46011
67108
60846
95468
91231
13525
58898
24780
10394
87558
11451
9867
98224
17860
66753
2494
6670
48596
56573
40309
36234
60319
34916
71089
92784
39752
88795
97619
32284
54210
74106
35581
67037
43964
79588
36228
48453
22039
85957
64154
36973
7686
20501
41743
50190
41385
81422
28600
65177
68120
77143
62715
41555
22782
47552
5404
46402
91956
79875
3739
64625
54261
98431
55881
88771
67651
33148
64430
20265
32128
92565
63796
9896
45956
16604
63593
50099
32013
44086
49030
56424
98227
37774
50103
56568
88247
26638
91765
36086
4702
84666
13615
52645
17419
85883
10547
20882
94389
9195
37610
4882
94419
51123
28121
144
71518
22648
89443
59317
73868
47042
78271
62981
36418
61539
27124
95653
37807
2735
18636
198
12977
14664
47989
48093
18546
4321
35565
88667
29919
71166
33751
40606
38826
13837
18394
52402
89290
92849
21345
79030
55768
53192
63924
32082
9551
43555
32247
69294
48780
90858
69787
76673
37666
65199
7448
63311
88472
80334
67618
36926
25475
18936
26368
53478
49550
58763
34038
23911
80969
47471
47395
51836
75451
29989
99388
66002
50949
5464
63293
68244
33178
42270
53115
18448
22308
42793
77470
84761
67919
32618
7808
66354
73722
44029
699
1723
14292
68864
36802
21037
49189
53422
76390
92604
55517
4196
26691
21205
78105
64540
91360
15307
84856
67506
72058
47705
98806
74889
54187
42958
100
61796
82562
51812
13023
92723
56963
65537
13734
49300
96872
54609
37292
21160
68739
17752
55411
60091
29389
6400
8392
66909
45485
77816
26380
93142
46758
16918
65454
47116
95277
97480
17144
83014
21511
75867
98108
97669
96399
1814
84482
18944
49178
93204
51926
45120
59486
57507
87168
93394
95359
84404
62610
93948
69681
50787
81959
82084
78757
99011
51802
64406
5023
36932
29956
89295
34352
14987
40874
45783
74629
30863
42248
53435
6625
77782
54733
98835
60740
3453
83633
86321
53289
73682
18543
77000
30097
95238
80788
7478
80757
41819
13941
96373
25500
31139
98070
76899
88738
26953
45537
62614
99642
48330
17668
86754
35758
82561
51164
76447
58473
56077
65661
89208
95422
15654
13539
68657
48091
12169
21910
94163
69169
59165
60288
27172
66974
50665
52335
55111
18749
65280
1813
61890
32519
81530
94171
56202
2776
38461
90255
81355
78280
51549
59165
909
66798
3560
45090
56813
36268
78559
8820
27433
4415
92376
23423
1432
23600
64226
43469
91072
36656
90204
33098
48757
55575
35104
12788
83074
97155
74925
22291
18006
10304
17122
14183
27504
15549
15400
50574
39889
10315
47610
38496
35821
9088
90148
49349
76666
99282
84434
57580
47018
18965
2619
32757
93862
46609
76790
3160
91798
94477
33169
89659
69964
2363
29037
25378
69618
43631
54688
62690
82029
56562
19287
44317
99835
93563
47476
75541
8286
50572
83602
36090
81711
64129
4939
98347
7442
25359
87568
91378
26794
36670
49084
67071
11750
86899
2048
12609
33025
30966
28023
3627
85796
63058
33453
38108
63951
99350
70
50576
1760
82160
68845
63414
4890
89625
11537
74877
13902
63629
788
89810
7248
2342
59415
88991
18474
24804
33908
17596
43384
75489
99180
8124
71723
515
7990
52130
24544
21108
45759
32425
4553
43153
77632
22852
7931
6142
41056
85634
4968
33304
11403
92213
29562
55572
45275
46150
67227
20756
70201
89685
66707
78897
36890
9783
29481
99578
3175
26182
8317
3819
76329
39757
44113
61125
15689
60717
24793
55623
85192
39088
34603
26334
92504
71912
48981
73543
11394
85905
18517
40983
52960
12133
74815
13985
64071
10669
28174
63520
42326
65372
37481
45299
29129
20274
11963
78502
22938
72538
41200
47134
22248
30512
5228
85575
48164
45298
13397
35764
62976
24186
82619
25574
16370
39405
56045
26511
88663
45452
59249
22441
26886
89506
10802
96989
82921
27715
83525
60760
42629
82765
99030
39875
53045
49796
74926
42507
98404
94466
17069
98326
19096
2967
32913
99109
63991
59477
82929
21906
34035
31807
92745
33866
97488
51435
13639
41120
88013
29858
33013
32435
46454
77279
41167
42139
60066
62616
12037
20201
98373
73617
82246
76467
13060
41094
19728
38353
5679
30244
81160
74902
97568
80632
63345
92758
70556
21083
26126
92494
34180
58496
75564
33212
19440
50753
39854
2736
32494
47172
10146
12417
18390
62296
84055
95514
22353
41895
79959
57674
53376
20327
53468
35244
53751
10704
94724
94846
32940
82072
19499
38480
38364
81219
50728
55535
69286
99697
49138
48141
1661
90355
99718
93109
12023
65009
12541
69044
71828
61494
28740
23282
56312
73685
35486
92570
73353
43070
74159
66730
33092
23374
7857
28887
8254
88244
65695
482
85708
96122
46625
61844
13421
15943
9327
17142
75554
83402
82733
8302
23316
4675
44606
81188
48723
30490
29420
4528
70250
43102
86419
93057
71291
98451
20606
82601
10223
41212
95973
76311
72463
32177
86
81454
94406
62514
85417
80467
86085
65271
27738
24079
56662
85192
22100
25095
91601
77098
74428
16323
42392
68306
57876
95857
46477
4498
25525
90509
62710
41337
85333
44706
19458
45144
47480
48597
21911
85266
14922
15276
33790
99386
16312
68703
8573
78837
30001
41764
83425
63146
24280
89940
58872
14753
13275
54499
44799
118
18274
9663
58900
89981
59004
68360
12308
13424
83120
94999
59620
31459
19660
32645
78997
43911
91881
10309
59958
36743
39672
17640
75491
34072
69717
14007
27152
21105
15535
79727
57015
91101
40631
39165
38939
13137
94983
68069
41071
84326
73799
9710
33394
61023
24862
55150
53171
82758
58031
86216
84027
92368
48317
80150
40334
96657
99037
25758
64264
92321
37966
36623
57282
17474
48552
30822
51247
83458
57495
41299
75100
68388
70661
49077
8900
55342
40177
17858
63353
43287
31735
6391
40135
76389
5756
99388
22624
37951
96392
56228
14725
14072
5944
59554
82998
81897
99250
83847
11360
48870
73709
5919
49201
59594
23929
75745
69012
85746
64885
50725
8753
19886
35841
452
25830
35649
90203
69684
96541
22535
89601
21145
56631
16574
42849
63484
35204
48760
69352
16833
39883
55909
43041
69737
41503
4240
37988
93469
9780
24257
67237
83230
61402
25301
24603
66325
71096
76556
64777
52052
13394
55786
47059
14837
29275
4971
90386
38922
11056
49841
61715
33863
6578
56570
71414
32523
37868
33214
98432
39411
32978
98577
52627
21236
51548
4118
54021
63890
27846
34361
25306
45082
38812
96351
43593
2010
46438
41703
31488
81217
24322
32048
88976
88362
87752
42740
15040
97975
2389
69455
93606
94377
90594
89879
31123
84362
76717
91850
22374
73818
57681
59747
96403
58136
68021
86821
5144
51368
89561
33496
62501
12865
44995
53456
94159
94697
84793
15727
39976
73447
23825
11845
17757
81636
18766
57884
38343
39711
67503
10478
80945
3580
79079
81111
50603
75995
41855
70860
75393
21163
92786
67297
13552
30400
44789
37206
94719
51511
15886
13456
87626
98196
21050
45163
79398
64106
92911
23071
72632
8149
21225
27217
17934
4296
65767
5065
14923
68868
61159
8120
1268
57940
93245
46608
46852
6685
98868
24913
38722
59724
71418
68425
42821
4131
43536
44008
7878
83104
52011
64033
8031
21899
26713
69431
97005
85339
29702
49276
11241
65215
96528
11269
87747
43900
94460
80773
98148
76670
11724
16800
17400
16520
38240
65829
89035
2045
22642
64992
61821
64261
41880
24631
71329
38090
95273
73440
78965
33351
71434
13027
66826
4721
99948
33890
69107
80551
34152
45738
1968
36565
42973
68546
76957
27588
37870
47949
77192
85217
45655
70435
79717
66152
63489
2990
58954
5379
85268
84228
3819
82278
11147
20510
21234
33049
40025
66559
62754
43463
83434
67065
82563
88061
74261
79932
75526
17844
65824
46498
94135
91578
13708
71641
75465
10866
18162
52599
86735
22395
83010
79348
35946
78529
17802
3650
22403
92513
36981
53864
92767
16350
65510
99128
39509
94341
63773
61841
9953
78938
28287
20611
31747
26966
88924
2076
79563
15057
25294
71906
81354
88449
83281
70891
93977
89510
14969
24094
11011
30556
80704
286
41004
84539
17479
25893
32137
12988
21160
2659
99278
72225
27169
38064
62189
24467
25628
86719
94553
9721
53971
51199
71361
17980
9407
17888
53437
18793
45171
2862
54051
52625
62379
50218
92832
91040
5539
99336
8880
32728
99306
95971
1732
42091
91041
93180
89274
14965
83068
52989
51837
26730
94841
66808
17807
55254
99050
85531
63018
24295
835
26538
62675
23359
14542
38018
10776
14766
94360
45153
71596
30175
48254
80260
67681
83280
49822
12868
97846
77474
62206
90983
30670
7270
37396
50223
12637
72681
25511
6774
31318
8076
59583
33874
66277
28055
8741
176
84105
7349
80575
79018
82116
76008
98957
93080
31819
54160
98338
37048
53557
7863
58774
21049
57557
55979
16135
21627
70188
43294
14991
69686
6473
50806
35097
9270
42106
45342
2917
30813
89920
41920
37428
82414
31142
79385
94786
95649
41596
60892
18311
56704
77997
95145
64774
22089
29161
92029
50771
9482
74457
61853
85498
90868
28752
44732
14045
4180
39166
3388
12598
2053
50062
30289
71713
88453
55962
38569
49251
43957
70566
56634
51365
84392
74057
61663
94257
89912
8046
16230
9562
84234
10601
3721
5493
15758
62786
46493
39805
95255
64686
66686
5477
80950
7864
67646
13651
70557
76755
51654
82312
44171
7480
25733
52733
1040
90064
76924
68279
66211
68978
83333
97112
45568
46755
49171
13779
4889
18960
66164
82749
80571
14699
30253
90823
50005
42002
44219
87465
11809
95369
9774
67222
34344
55614
68471
96288
66979
45403
43689
86859
13529
92545
81872
68896
96438
84447
97224
8165
71153
72280
73668
10383
67084
41915
61883
94287
36074
39902
29571
24405
33873
15514
68226
54268
9653
19258
49041
78105
71157
5925
79901
35408
33491
76046
59147
55305
6521
15427
83418
44235
5347
51546
32970
6476
99795
25741
87739
67935
21165
43744
85093
53433
66018
46864
3687
9053
5621
51448
88815
92308
97376
6613
78097
19943
36513
94438
50992
96316
76667
92547
65933
83910
13068
11879
50440
69788
87176
87063
93653
17170
29008
42735
53545
31336
40881
43511
58413
93149
68355
89692
49201
79228
55190
19563
79741
77936
93238
65521
51194
5791
68653
87095
98502
73562
34956
38432
91515
78765
88818
69925
77159
14679
70503
7
11869
35487
70427
79241
49050
41981
90075
74826
92822
52548
92874
34428
67606
86952
81651
31251
2407
24062
55719
44401
7615
47454
70790
19386
70459
10111
29506
6310
16372
84531
47008
60128
22060
73941
53499
9061
68703
15837
77661
5642
17187
36694
98130
28543
81981
79237
53347
44758
35571
26997
7568
39467
82185
8464
25363
70912
93857
3670
27549
45329
89150
14030
22551
21322
9305
61827
9213
94600
62730
6126
90103
49356
59084
78327
34798
84576
64615
57198
94947
86441
9722
78423
96870
8870
14765
41500
85540
4699
92539
33313
75483
38015
2291
2630
58327
94379
45243
76376
6178
95266
69947
24258
55989
27851
82262
8670
58094
32555
17142
90072
52707
81549
27888
3410
81721
48904
82921
75756
30575
81795
78520
47900
21874
75064
93984
60582
16836
28171
10678
35340
92904
66597
24908
43826
6186
71025
50479
76177
89999
57745
34364
51116
95432
28643
41030
28356
61588
37293
23182
26772
51861
98201
66660
92288
36150
44891
85655
94764
48134
7139
66790
38857
93784
79478
97184
43501
63438
26264
69813
21533
74548
83784
20399
82714
14203
41495
56685
59982
46236
32237
11685
26119
54312
21905
12637
96329
45640
19974
95650
26264
35992
31791
95564
4089
96181
38522
57199
56879
78783
73917
73909
89067
17617
52050
62608
4135
93608
26269
35685
91707
8835
9122
6782
47992
4984
50131
44010
51131
63636
46418
77054
33916
54214
32331
74044
10753
19121
24081
46446
89133
20368
67378
38670
75235
76257
41774
95152
17312
13009
84744
12213
65886
39985
71266
19848
54795
63384
71108
15688
92318
76445
81295
32173
6891
44439
67821
5498
28392
26205
97064
99348
24177
63642
97059
3704
34087
21363
26357
68852
50451
48488
92108
35459
65731
89816
39918
88853
80599
11506
76495
84048
66968
13228
94509
91676
30437
96862
27568
64047
69011
58386
84919
75845
63444
90483
66986
81042
58788
96325
29829
62117
12240
31071
19339
4171
37961
58069
11570
94040
28290
97639
73348
86047
64168
69549
12690
29261
68584
66739
9053
13154
45841
19403
70326
82022
33264
32140
7413
42972
40339
48480
62793
16789
33331
70094
53751
33962
6982
14714
47066
90820
20234
36037
53215
85901
57638
57189
31162
50433
21137
43730
9632
23831
47951
84964
23699
93580
41429
95368
70072
86594
62988
51286
78980
62289
14458
12868
94516
33958
4888
67130
1603
83386
40885
59567
17599
17954
40006
80258
3484
88758
47524
85633
51691
33666
77944
17582
74670
74621
48244
20246
51016
38599
13723
15711
43241
97950
16027
23988
66094
26753
27266
57703
42156
17705
8941
52828
15181
73825
77992
20152
74488
76867
59953
48751
4796
38725
16650
96135
92372
62638
62651
26275
24974
89594
25663
37279
79323
68920
17540
50810
84321
92527
49306
16179
5023
94885
18002
2060
45095
17039
99255
13803
33653
72413
70266
25940
50431
30979
37039
86207
42963
81693
36654
88812
86499
54925
58479
30356
4113
24340
37502
44522
52015
65852
79733
46196
70949
83948
39868
67251
30438
65507
15613
4333
59002
65759
89491
34891
72309
30410
1219
3904
96831
9635
13847
27146
18831
53384
78606
73361
1663
71616
11336
66089
1308
82796
91391
88753
62723
19039
76782
40591
2529
94103
41082
65285
26897
80905
37283
41554
6829
37773
19565
57133
36003
51786
18648
95514
21451
58924
31633
15703
14308
70612
28999
10424
34856
96972
2084
85020
29475
63758
86897
26827
77999
17093
2802
39088
19301
75007
21593
41318
95317
69408
99910
48931
47154
13286
89070
56850
48363
24087
84165
93435
83270
91308
57662
1204
30183
60377
20599
90024
18965
42253
62442
82009
1448
85225
64893
78161
76635
59985
17177
3546
83611
79506
17403
30594
24518
55639
30503
96643
55452
80748
19913
79189
72776
40147
86427
21952
74728
95262
68352
26012
60580
63987
81259
33558
5763
88647
23497
5016
34831
7419
38711
21524
94027
83023
21865
90095
994
57746
56549
88719
52587
49243
8914
74942
85260
90268
48585
48673
39280
85473
863
39166
45560
65355
7864
38102
48109
82708
89933
45750
24135
33518
74511
28934
12866
66194
31550
94849
40268
98954
69367
86031
31796
38988
88271
75596
64760
68524
62503
62492
99887
23556
10704
98557
62712
8537
77892
29927
5089
18792
67765
73499
94585
49596
6233
70494
66643
24504
20947
18400
10916
35623
71429
36328
61304
8425
15505
8980
66778
7080
65748
34970
43350
92783
42014
25796
65188
70367
4874
43289
67196
58678
8192
17360
28883
93981
81395
84996
7835
29101
9982
68151
77471
29073
61026
44738
62539
35109
78045
91491
22387
36731
34817
38688
5033
14872
21126
39547
54899
14456
11172
33607
36947
3486
22668
19540
75900
68219
65519
8511
38889
35851
43817
58310
55284
97034
71962
38803
38692
17658
8612
86581
25242
90399
8097
49281
66610
43493
68202
16897
52350
88848
67111
542
88545
68269
86518
83157
61724
87371
30842
46703
32114
44598
42276
54760
38407
12467
74132
33493
34697
43745
40429
26070
25019
19397
69847
11630
62922
62318
23551
99485
87320
37322
33085
71822
1176
37570
21004
81061
41679
3669
99660
25607
96731
63165
9968
73525
41291
82984
71479
55263
23389
37860
59774
17108
71796
23658
58637
40079
40175
29550
17818
68406
8807
98964
4718
34581
6229
20104
11978
98329
19409
50466
99227
80804
78959
45313
49043
63185
51045
39054
47937
4247
46139
28152
73680
81552
79134
48321
59579
54293
96125
16427
52276
10514
25187
37518
58405
49070
66239
59952
13326
55723
76739
19441
38116
32787
85043
9101
62410
20573
50205
59147
54850
51307
50711
32145
42852
88650
36573
67081
56416
10307
20426
90401
40130
35227
34428
71364
54522
10880
44517
42646
99386
78188
56787
6832
56873
32902
79763
98228
44864
43997
20532
10631
59842
23765
40678
64356
71968
87466
81946
36861
54643
88932
31329
2236
13060
48375
17589
73456
51678
12935
35908
99818
35161
63473
65802
30209
32751
37961
48800
64799
76682
62734
43754
78838
23963
19404
52811
16349
69238
85782
40798
46558
58395
861
50115
66687
31471
49608
99179
74019
72629
40047
4639
92937
311
56376
51235
7727
35957
81075
93091
57301
69784
99656
76190
15914
59057
53903
54481
92824
60185
99278
56018
70697
11377
99739
51542
32059
73074
91101
9076
97193
8837
28830
36382
67584
44906
25577
14393
87590
85288
39054
87512
24655
26584
26254
45133
31239
80603
83430
31307
60385
12334
92641
95476
32146
7757
84155
23997
5028
76491
7163
65618
53300
67642
27582
56634
99827
74576
94753
22743
75624
16427
40410
67844
42138
46759
18548
28202
47584
85638
35458
42416
78659
83503
87407
63787
41567
55233
93065
50802
89944
80152
65099
37208
46843
48152
5019
53889
51699
18172
75881
4498
53431
8329
32981
46644
75747
40886
22544
77234
8806
80670
94317
49008
98412
43253
64991
16895
31700
16856
92041
58309
64819
34036
99024
36744
43024
60557
78862
62534
4711
45865
39492
4737
79889
70789
571
31312
58440
81817
51956
77544
37443
43795
78339
12352
49441
82682
30294
30924
95143
99099
29458
72830
34946
42733
37332
70442
94446
83819
83462
46078
43072
67093
14051
28483
56656
89188
68571
72413
53908
11525
78854
79003
74745
90594
5137
15936
9193
87370
44477
32965
41176
42084
74727
84419
88532
21641
88145
92583
18151
59963
92078
24012
95739
4032
3590
62368
73950
76619
2097
12971
93939
82928
99196
72710
57506
58525
93295
98569
56672
11491
48119
1864
88638
6466
42224
66508
29405
88812
74770
97315
14955
90803
21476
38168
78867
12245
59535
81030
578
76808
1422
75850
17185
52071
17920
12704
55068
55457
84345
33621
80528
98912
54869
2216
80171
58587
14164
76068
75840
57950
78504
82668
9408
34679
2611
5748
44505
57517
91402
62613
78437
17706
26041
5369
30972
74180
28228
76683
74971
65085
50532
14853
14821
6585
64702
63866
79929
94007
57510
71713
1813
74936
26545
42801
5898
67870
59464
72670
49672
95604
93742
21009
88275
58284
29638
17130
94376
3553
95112
36091
95489
95690
73045
96393
46060
27384
52243
41526
69509
50820
22366
2832
43857
56484
52592
39612
92408
69804
206
48057
92029
15992
35816
50068
36971
51713
38203
96838
48905
74022
36914
30682
80585
76047
46672
63189
10115
13748
64646
73189
52689
69328
18815
52758
64543
81990
71390
87088
44412
30294
3327
89791
71429
89171
77532
26753
25084
87207
88120
59985
5799
10711
87052
16123
29508
48193
91515
15273
86196
65122
49554
63378
62762
33730
94971
28154
42702
99705
25108
26178
86289
67079
95049
72999
76913
73181
93442
17359
24632
88360
32497
96874
17522
11015
70387
59373
42616
15938
29348
60961
71774
6564
24674
16445
54469
48272
60482
35182
95962
56607
4198
12094
34525
10584
58122
10619
57259
72529
35530
72586
9329
87612
26963
69236
71199
71057
99594
81004
5071
69057
10253
69241
17170
98900
71035
36954
78272
42743
38020
45309
92209
85102
1291
43762
17814
46483
91878
18766
16353
22623
86465
60363
34910
69744
11740
99081
63398
82207
17274
76649
92631
51570
94213
44467
64532
63902
32345
99403
84338
8164
23210
12125
4912
84954
51945
48942
44331
42822
86963
38791
20993
88698
92259
84228
76551
71326
43295
43576
92935
4066
77223
28237
75424
31920
18022
34815
83558
48184
6518
97688
154
35195
52824
79233
36
69079
84148
88380
48427
11015
42773
97055
82738
64854
32383
19324
45322
46083
71254
94472
33788
27616
46232
61601
22343
92237
81837
98594
44589
29639
62855
35771
35394
31814
65270
63632
23139
91646
7323
67187
42279
57501
4258
20811
46836
68356
93443
95314
67410
47324
30389
74199
40903
17667
89676
50488
62761
95061
94401
76202
92509
37552
37429
99280
40053
97344
89324
12384
77391
80287
26804
80596
58278
95513
83406
58740
39529
97177
94331
87977
43401
33077
14760
27518
85093
99302
45679
6948
31977
33614
6756
64363
39061
50641
87210
11084
74529
8203
70793
33568
19685
89093
47911
82556
47434
53545
75779
28362
69622
14449
80044
6837
65772
53290
76962
80139
49470
75179
65925
74064
20754
87485
70866
62903
82892
60775
86232
12216
40961
27861
77477
74642
18744
65203
18234
79880
45935
59744
79549
36967
10225
81779
71773
29947
63456
12833
8198
81986
2856
2743
23502
97020
81994
35961
22302
3307
84275
17808
77471
59765
73570
89139
8380
68825
60154
90656
99853
93656
12974
97255
70321
86049
66733
10604
80729
21262
21577
58985
85898
95496
10733
39927
86902
15442
82432
18042
79050
35634
9180
9160
50239
76313
35354
28252
3736
94271
84551
7117
35270
82310
18401
3652
94367
76765
24526
39884
12061
38045
36442
17415
69772
54793
9105
69514
67557
82829
16313
64507
22658
4056
19358
79081
16021
29352
61650
77004
44644
68458
6637
71033
20251
49380
35418
19716
6034
71624
72501
52372
33955
80125
88652
89043
43126
39845
77919
54078
38529
81952
78729
794
73803
12101
71575
26601
15227
82760
43550
60185
56407
82930
52337
69725
62488
10433
98005
40355
23637
30934
46928
46526
29541
21283
96728
85560
21213
48804
75793
93076
17948
70296
32285
65742
85824
29863
65305
99121
92918
99382
75001
65875
73466
97809
53212
19945
87937
44771
31387
55262
7469
94232
64683
30396
53404
85158
97364
21552
92583
22179
85713
99753
80630
30345
51774
34227
31671
89460
99751
78342
16399
7450
19858
62094
92961
88397
11294
37267
86114
16651
61389
12676
51610
29004
25223
52958
74588
93760
1801
43515
45617
71496
42712
24308
8449
86985
61742
38790
78701
39407
22990
48730
66840
47573
38604
94010
71736
14817
73964
55077
58320
79473
37197
71617
8201
64656
60072
41608
70799
71908
9459
3903
43413
71386
47471
4567
65056
89724
6721
45011
5301
72376
40399
94216
24603
11834
41512
12009
80783
34446
59437
84812
1705
46755
47859
86592
31865
88020
89350
55877
53512
42222
30271
88136
42071
22883
48225
34888
49318
83233
63956
73564
93951
82362
30583
42781
6784
99388
93985
51236
18982
29733
40280
5365
36069
1431
20270
7269
24806
44977
88260
38224
98191
35091
91252
51524
24721
35994
46945
45713
41046
27735
54909
40343
77807
76062
49664
1797
32986
77446
93865
40798
97803
91468
20184
93912
43847
69841
16309
29285
50848
85111
18909
55967
53671
62740
47049
17167
95094
5179
31233
29893
58890
471
74772
97624
46066
68427
83532
77566
8024
7819
99748
20129
70893
87792
19190
8073
81633
49698
72554
27460
63662
81542
90040
61861
6309
10290
78259
61033
11100
20819
32690
81029
67273
93271
45024
79615
44950
36173
98319
84159
27261
48812
13714
8480
29464
70350
64130
56555
32676
67740
7687
64300
90200
83395
51551
47427
73419
78985
86090
65826
65001
45645
72484
59635
76882
9578
92033
47122
39019
11767
70950
87816
24393
21182
15681
93018
63708
18676
25570
14679
62096
87993
53288
48823
15420
59007
21281
30680
38528
72111
1003
10418
5545
85170
31921
40560
84724
38274
61068
485
7491
92009
58546
32242
16587
97350
6293
72627
95016
29788
29933
52394
24308
82317
17296
87360
58843
49617
42812
78565
95708
68754
78254
71808
58696
65213
57706
21183
71115
26009
27477
42246
54735
96313
29225
45176
96660
388
42821
34977
39126
99891
89116
24639
983
38433
13582
74015
33081
57055
45267
17188
48049
42602
57762
85427
41894
53841
86853
41482
22092
92348
52049
54703
74108
29756
28619
14235
4541
15220
21401
65723
44591
44049
25967
21477
45708
6284
29590
9892
19790
66516
73648
65885
95470
51165
97481
5709
5879
57018
68646
16173
73383
69798
41341
98824
31670
63452
68513
71621
32763
80659
51121
86383
26749
95812
64718
92815
17582
88156
64365
77706
79249
55458
81441
51364
12191
46503
6434
84307
58391
72053
5538
13076
49573
45185
33036
10117
28442
36234
46713
54043
42546
27657
99709
70762
13490
2496
77906
63826
15263
85121
29744
18546
98792
87399
6589
326
97712
87209
85762
47281
32382
41958
50626
29813
23229
16213
44625
72279
37358
82232
93536
73861
96462
58808
22330
54912
64463
27760
69510
30615
14188
73654
43462
6981
25211
23712
91031
67538
95868
23438
64049
70564
18750
51738
487
47027
84531
75601
5097
4326
22741
213
64238
67863
60963
79955
46040
62604
48342
6605
19610
19536
79954
74991
10483
67429
47840
46614
60750
10829
18646
96969
39280
99853
28741
51226
66243
39726
15217
61599
97465
8653
4269
78345
36708
92214
77325
99827
34302
77861
11372
46300
78674
90620
14512
24302
5029
61391
50950
6524
80059
54254
30538
40735
2714
94717
69261
42587
33463
7505
75178
19701
3418
68110
66810
53409
76523
73945
44969
18803
2397
36110
97363
39528
26994
75803
12245
77574
39510
46925
30702
59820
83771
96579
67334
85895
63916
49088
43395
89858
8839
23437
66645
75284
72173
86891
61686
25815
12956
58014
39713
69127
3292
44970
78913
5021
7539
46150
55449
51701
76263
48648
38463
81337
97292
3817
87428
18431
83135
98767
62307
35927
39275
14049
95572
20395
21409
30196
82418
96226
94901
95702
69923
26490
92020
51416
19659
71597
20226
23893
50910
41572
56474
12391
42695
241
99737
19213
57057
74415
59293
13926
55404
89657
13861
83375
38154
18780
41989
36021
80720
76932
42678
26396
87419
59034
73528
8963
56449
39553
66402
74388
7056
4564
58325
66846
76666
67953
90971
48259
48212
44478
86527
5336
21448
38616
14133
65224
91007
62615
7134
1049
15053
58659
37569
41596
36145
10838
12293
68189
79116
90911
40929
7156
20950
5141
65293
9865
40081
49327
84675
7316
54094
31455
53997
32373
38963
97767
93826
13654
32944
97737
63329
76793
75511
41774
92753
85469
73673
27571
18783
19727
65219
31999
64403
69391
84434
42041
34061
57139
86996
99881
22099
75920
14068
1029
85324
34236
89530
22496
37185
54138
46080
16753
77721
47717
68074
44161
23080
81789
25064
7426
31522
7548
19091
72303
42380
62012
61055
94010
84564
28018
7080
66621
1115
89922
43371
76255
27588
64048
21844
13975
15103
61633
82620
5370
97682
30349
95646
27962
96797
98665
9772
39832
51472
20649
27534
20075
88215
92039
2975
60563
10508
35544
25112
58383
23334
23890
32356
96627
57009
27113
33291
65386
92864
8979
14594
95485
61416
89580
51776
15634
33150
17672
53560
85777
604
52510
51073
45029
84270
829
25843
66767
39345
61919
76726
54550
59488
64705
78541
92637
53249
28097
84135
22869
16541
58822
28203
48735
68499
90400
97933
69120
85276
20593
20580
503
6587
12452
79492
76972
96394
5442
53080
75591
80670
18477
4677
23772
82191
18393
33298
17126
49405
45152
98376
47687
13008
83931
58167
68138
10208
68330
31307
23459
58088
46444
64774
36754
78398
92669
36447
54161
49030
12001
45917
57609
75768
65879
93485
50179
98631
81944
91807
42549
96287
32029
93136
86686
49476
54296
16358
52217
64312
80477
15537
46611
40406
89773
76315
93311
13783
19763
20009
78418
4721
40096
12087
23069
50689
3847
83925
6225
95536
78311
38320
32629
23014
42835
31170
28785
8414
86832
8167
27686
68697
22000
38313
41229
17549
3101
58524
94926
63855
23716
80451
43417
2493
10848
98943
81098
15786
42240
91712
62552
53236
95259
50099
50058
7038
50610
68252
46987
31983
90927
69067
39693
81831
83986
20258
47990
85174
62374
45360
7512
33995
54282
88327
26198
95614
66493
11373
18680
48949
60739
72861
52864
9993
59221
3910
84932
15702
30876
85887
5467
48344
50499
62374
26286
4622
30969
39536
74274
63051
53285
18558
66296
62684
69916
79025
7075
90892
4350
61355
85096
86774
55571
8746
62567
15357
11652
72910
802
32404
12006
40360
12206
11394
53000
31206
21962
25296
97974
16259
33148
14484
15226
88121
18560
55325
12688
526
1308
80673
53389
44809
98236
12540
92166
22544
37101
23557
97011
44436
52116
19875
37884
23888
53601
92790
79365
42173
42152
45993
65130
71690
24147
12814
34414
40107
2024
74951
65313
14352
61115
59958
64032
35118
35121
54505
15817
48524
72049
50827
79561
80204
861
60056
24526
86531
97301
89347
39171
61780
87849
9408
29764
89367
4159
8047
23228
4430
23889
59002
8742
5988
90960
42811
83346
75843
64580
12398
38122
91441
1711
19632
58030
97821
61671
28145
35992
80659
15936
9125
68389
22508
42654
7569
70403
34509
34426
53717
24081
9587
8945
24217
74057
41762
69941
27238
27396
85748
97006
7986
85557
69888
15674
85400
63860
25551
73732
71326
36253
96580
90669
79328
91194
41160
20711
3553
89192
6416
89755
24665
21132
8246
71566
54912
96785
74829
85210
11668
80162
36263
41852
40109
93765
99559
30656
20526
63362
17365
95436
9205
92870
47506
9152
59885
17215
47838
18725
36871
28050
62414
67851
69683
80190
51548
20628
55614
52034
91922
39457
69059
42060
97643
278
89786
8968
85864
71304
34167
43891
24662
85977
13229
40600
25164
65497
349
42958
76167
13185
84882
59930
12258
30814
70079
30611
22144
97244
61345
72452
38344
61317
25288
53931
44794
96703
86491
78877
23685
83161
46069
98380
13681
2193
86774
41426
19215
96
87743
57865
24644
77898
80101
46866
47195
33484
83502
4740
13977
95171
24933
37921
45801
39081
24126
56910
25344
47177
28517
29698
92025
63995
9605
87192
16814
63475
2846
51357
20075
26437
39414
70107
67927
62961
26727
48885
39457
32122
55908
19643
58846
44516
82373
49649
86121
1418
85580
58140
5075
63125
61117
90638
81290
60104
41488
73055
59992
14393
26534
54886
96762
58519
17092
5363
26667
70587
33360
43618
72562
28754
18838
72200
19821
87858
96422
24503
92694
79180
80662
89636
7360
36219
54929
24775
30632
29227
10157
74723
7587
35356
62941
77762
94415
89289
75118
64115
85754
44904
21293
97352
75154
28565
86714
33074
43847
66
82420
92126
37503
394
77519
29726
82368
31309
87728
48627
11835
21166
77892
44439
53934
43981
86570
72785
54046
63814
88411
34117
57878
87738
5767
40612
5935
37605
23205
86085
11570
97633
99491
94697
94118
20875
83062
95679
93770
38244
31719
28875
53982
79677
79954
40800
71347
23895
26579
1714
66953
32154
57162
78328
44738
63643
37653
82813
3998
60650
60336
36294
43570
16210
76598
12635
45314
91655
90981
70192
6713
77381
13426
15491
96025
97673
89151
30347
14157
4384
91281
90798
9219
29272
36699
16541
58603
55369
25350
98752
3955
13394
97248
27060
63799
15648
36649
32942
95910
21126
48363
64625
94460
53096
58520
85819
85503
17588
95620
62728
85301
26423
20051
56964
71823
74957
59867
33952
93595
82683
92774
46290
64943
65666
80459
52510
86708
58195
71028
45181
78964
82265
83423
69787
29117
33059
79506
11825
53956
12710
77146
18082
6092
36572
23969
78242
38804
16077
40503
2862
45736
12038
55696
68308
36673
66022
63430
29696
39524
6162
60535
99076
1831
46301
64815
14091
79852
63291
77560
86438
46050
155
24987
95119
21761
20387
44789
43632
98453
63510
57041
10228
97179
66282
88025
89874
16584
84879
53020
17683
24667
64129
31522
39139
86332
49733
19412
65587
42791
26673
75573
71229
85120
1068
48043
53565
8214
97402
84090
93519
14991
59276
7846
84640
52834
13967
73473
46660
41738
61303
86346
55901
77544
11837
75248
15716
6310
97286
40861
95488
83007
90810
46394
4741
95251
45622
37536
39117
99671
36424
51339
67451
3896
94224
80758
32599
18006
76984
11189
53905
50527
42623
43302
58861
69434
47332
6555
18970
65229
38223
25296
70507
49493
43865
35967
71343
56282
8745
70085
58898
51504
6612
7071
13006
83930
45448
54980
90158
6185
98648
74704
17455
52136
95173
11300
1687
38945
85627
13964
47488
32975
26267
23744
35516
5470
72413
48506
38119
57870
68896
11960
52247
15384
52292
25481
48441
37931
20929
14905
93277
39268
50913
50785
58595
62739
99030
28309
16585
85052
62783
2363
57531
63061
5980
91342
13427
20855
88206
87162
61011
92126
63162
49805
32244
50400
16122
104
85113
96795
12561
35998
90247
46704
93104
78590
318
11361
31449
9381
74090
11296
52834
41870
23196
56087
2827
11535
69309
2293
52245
33712
71792
94505
64184
60105
12708
8114
31692
60281
20668
5292
28966
88126
70251
58850
28281
20546
69466
7161
99795
6781
34942
2991
68857
38922
83725
23912
35410
80306
67477
81514
82822
4317
917
3477
73759
34007
13911
38918
87412
3781
57793
49454
59301
10997
76563
90600
43131
24963
93091
16372
53268
2692
72843
55003
58687
97052
43771
22900
19218
85078
33644
83411
7542
7081
82190
31486
80576
43150
78379
25769
28506
14213
84826
48694
8759
24670
33898
30203
55426
30258
88561
91682
82768
17921
89732
46525
3500
40942
93989
62621
74950
91066
97188
72971
6785
34855
40225
99003
40655
1440
17974
65391
48274
50434
34925
66933
47214
55920
30221
753
66534
70976
286
67133
69127
63394
74480
16690
18332
76597
34118
16012
15523
53355
82297
5203
52950
84312
4102
14475
46070
91199
81715
55342
98714
70467
52764
52803
59883
82564
55210
31074
75792
18193
28488
8888
85686
58661
38654
41433
47687
79188
87931
42338
3745
66690
82281
81942
78795
93268
28075
23665
82129
33877
92743
47800
18274
51625
88373
13203
69012
12337
86739
1730
93455
11359
68437
41386
68614
28980
65276
38775
83344
6897
80649
64143
87426
85293
81198
25681
94529
49823
51895
14545
51589
1552
58647
2657
46502
52302
89053
47977
43336
47189
9797
88366
8673
64099
19879
38838
74430
52478
6256
35312
88960
88261
43388
26970
83094
32674
22423
25999
78016
2331
27615
61215
78679
49612
64484
72400
67734
39326
9918
47854
34405
73914
63946
71835
18139
11245
35265
52749
77051
73158
82794
68528
88657
7402
90660
59915
47487
8164
5778
182
30523
30583
95615
27334
3553
654
95172
49052
7279
71789
37368
56724
13618
25648
27655
39549
45812
70251
74971
66014
40227
37226
55233
95399
41451
19384
8394
57632
40291
41278
74650
56730
66232
65373
76084
34242
54984
16188
43616
33007
68553
90489
46963
86436
47520
3604
67204
76122
68735
11382
75827
58030
6940
41251
57945
87446
94152
57586
29815
41891
75129
60259
31866
69040
15686
18786
56949
68041
6454
33424
78730
99861
6796
2434
68197
76326
5436
65525
7300
64149
27007
96574
12293
52106
75227
45193
97829
79434
21279
87920
19610
22886
32035
48444
78781
76805
13542
21803
92855
49434
21552
31932
2005
34362
1455
47726
86262
30313
85524
30051
5195
48806
26356
78731
63281
77308
76075
12026
20661
76953
60350
15992
99942
76491
98949
35959
97263
62441
38658
87607
88989
77436
14609
75478
75537
81221
32513
15017
63027
28154
14517
34506
90214
69485
75022
20456
38052
79394
58442
18701
95673
39041
51695
77935
79466
30217
22279
53723
88581
19820
4489
75277
21003
82205
45510
4140
12285
88596
35800
7599
41704
97578
98443
4316
2633
93917
84356
96163
62723
39228
49736
41845
75811
85968
78997
79424
6674
75572
83519
28966
75652
19946
34421
16551
73652
82682
25569
34012
11319
82648
66558
65479
18487
60786
14510
26546
44745
84045
85901
76556
39606
40663
63688
45204
47049
23679
5799
75386
67466
20475
28837
23168
76265
37570
36320
29932
59229
7495
38518
17697
23302
91885
23019
47517
26653
59292
24216
97027
4814
43669
97919
27641
73033
56322
24091
26541
57918
6023
65641
49574
51833
23064
48612
67530
22099
31242
42245
1598
80869
63742
10642
22075
66464
2149
42021
21821
92356
37691
63287
53482
68263
36775
69724
32945
91162
83659
80156
75023
21301
84647
82461
42307
83963
66702
14893
78392
28166
78037
62920
42628
75095
18794
71395
96741
48716
38665
99118
4760
77343
25368
863
80610
95502
50233
82095
31638
86075
35814
92424
81645
89355
5486
75933
49873
94026
69591
47611
89565
81031
62931
92661
89472
67787
15760
47919
5437
75409
90408
27899
27643
6955
47006
22893
75968
82534
82371
14379
93468
10444
15552
84696
16070
9774
25242
83468
6934
51439
95046
77930
84851
31211
32342
81433
40969
23807
534
79960
35350
68760
24995
83755
75037
94929
59660
55485
45908
20227
2665
61733
12869
92320
12089
10115
79907
20214
20949
3920
49414
58819
59785
62281
69192
59354
96175
42300
40876
19965
82866
41815
4890
54922
39720
2542
96860
81107
92104
37160
17515
55624
86297
1272
86168
62864
65271
88603
12881
88814
35378
37019
50403
25362
64773
37395
86655
397
3591
49989
95393
31432
97127
73475
84955
82038
54888
53396
40772
20972
13006
29215
18292
20354
88857
45869
15165
38569
43977
69527
33758
61297
76151
81430
31366
23035
98367
29896
25615
41832
59162
57844
34740
42994
53654
21340
52210
26486
98205
28535
12567
74880
52594
50797
92823
7330
61500
12957
74989
70013
3581
2801
88190
23766
40082
76360
16688
5167
30911
4251
16914
46850
50582
14859
80336
10897
299
70482
6910
41928
28510
69390
39930
55535
46049
8250
15969
94898
34621
56685
86447
82351
49728
71208
71714
81733
78468
84786
27833
67174
77237
35920
17014
48108
12218
66234
18035
45344
62180
51082
99379
49392
11879
81807
76860
88446
16972
68280
58719
30637
1786
67464
6927
68000
1594
22386
54819
62709
29412
78224
92968
58090
62150
26189
67250
82475
45172
23634
69869
75310
88832
85290
50050
84158
96237
78626
69816
62273
30479
67913
42696
58858
36747
10418
91455
79798
39491
36142
62391
64984
41815
31217
17925
87926
60572
99261
64918
43934
75298
20971
96518
77861
79028
11358
5418
69851
18829
61622
32069
8764
37533
85114
50601
94504
29341
70716
5599
85522
56674
28490
74341
6367
56671
68194
69108
32947
38989
39573
23815
14239
65248
63531
4666
77677
70733
58061
43993
61588
65967
39738
4401
14920
58622
20355
62847
25238
54057
15849
12274
79389
1614
72346
92860
63404
49714
61023
46990
63061
79446
12948
31741
73888
27755
63498
83733
71582
79645
44016
40175
84626
77849
16549
36027
29617
99690
79953
2395
80766
85638
65905
30756
12732
34149
98377
80155
57457
52748
31188
78921
35955
68164
15384
36
37331
73683
97687
36331
37951
34771
49939
35201
15222
90590
8579
21609
43340
88317
43502
6954
24816
52698
60929
64026
24529
32388
53978
31033
98073
664
79167
18412
43677
44815
60339
44118
1047
74359
41686
2451
16013
56517
264
72926
55547
61736
43718
29454
31564
63200
95273
42556
98182
26199
25503
96848
16756
13300
12884
72649
81176
41490
80743
74654
24665
17911
98452
14077
81915
72363
78172
78948
89546
41744
91472
15186
26243
39572
98559
97617
56440
69877
43190
7376
25974
23567
7798
77134
2824
63462
95873
67617
94480
17619
890
66893
96068
96531
46706
38682
51087
29763
53766
25225
55820
585
43759
17940
86464
89593
9271
89504
53556
13789
66398
82830
44566
97549
58588
45571
89665
64794
18549
73576
5445
35574
43215
92924
31281
85477
84197
78815
45392
63281
66801
96240
18336
9356
61433
80382
59361
58578
95331
81876
4728
98720
60497
84474
94025
86273
63997
91923
27807
13158
90404
83820
44795
81115
58307
96871
56928
10184
26637
54276
71764
54351
39981
21140
35525
65213
52603
24808
21100
19091
64713
89786
34152
63666
28005
9712
93958
9847
83285
92406
16709
35892
15997
23398
4517
48576
70730
73959
9257
47689
34003
33913
88905
73545
18524
67345
7875
11544
22758
19212
68283
27284
54044
54475
62918
87392
26637
14632
57044
25973
76535
98366
74298
53074
99466
20373
20756
33793
39878
17505
99238
98846
32206
54940
70952
9745
11994
15573
33969
57758
67935
97720
10277
91373
41822
77536
36865
88947
66442
29786
78374
87696
10203
58419
36139
97761
65141
1884
34622
28109
37406
54619
60506
80163
97717
38216
98703
36444
33225
44316
26479
27275
77262
3434
72858
88105
32892
50142
47811
39641
9485
77992
51731
85066
96889
6147
81175
779
21688
48029
22554
64347
84550
72510
66752
71059
30405
2503
95629
45432
33529
89435
93280
44133
96105
55508
89122
12587
62655
5260
12608
52539
43795
70480
43392
17756
64671
12858
45869
5479
3543
77132
39658
67909
64142
89024
66505
87047
17853
23587
36651
8442
47376
58034
35766
55076
96682
52844
37940
35642
56079
8765
93707
80075
79776
85010
30155
51799
91100
6881
81087
55632
41832
92971
89707
5827
23839
31019
10246
31241
42401
13934
1001
80594
54119
77368
93881
48637
34560
94919
11456
88444
80151
70317
31548
82226
80387
35610
96
95661
25067
19995
65584
85722
69536
57991
72766
74996
39573
19690
28312
16082
47138
45827
14623
56954
34752
55976
67134
91942
71756
25178
37821
82950
20813
77152
96670
45982
26832
83039
6413
71872
74962
31742
28526
39628
86822
69499
64355
72942
35389
97977
71549
11770
1887
17669
12772
68742
81347
81911
90437
18469
22502
31848
19347
8436
48263
60503
2455
48244
90337
25831
52397
77104
80274
5775
2654
39478
26477
93779
34444
91336
81121
93793
21581
70932
82982
84092
37967
69530
33038
62246
79325
6090
75539
92728
61059
17858
76169
87181
75356
78390
65533
38332
56396
27400
91320
8389
26417
24577
99490
49383
36308
47300
62419
57118
70829
51015
79344
15726
45515
52347
95702
3036
92262
50392
51370
75118
14680
46193
95239
81157
60157
47866
51986
75011
64370
83214
2097
68017
33464
74845
37709
50538
90785
78366
71996
76237
3218
56721
72750
31345
57443
92618
29401
52722
48020
85186
43878
26722
623
59338
97020
80647
91579
83926
76607
58554
50789
16200
15943
8975
41915
11889
79478
31099
85147
26922
77428
88565
37021
82483
78492
53496
65621
12301
24387
98663
56918
17954
72253
80676
38277
58824
15739
70965
4377
31252
47791
67538
92154
58152
44388
23036
51075
13254
83751
3310
55499
72629
32753
24796
96082
94119
75137
91191
73956
82914
80822
77124
57597
46758
78130
97326
92874
78336
71164
13245
77419
20114
94001
55626
8679
11869
64235
72187
28178
1926
52856
87343
6293
28536
41634
97005
91108
21438
61687
80032
3122
7526
20127
7
9946
7272
81350
62208
98568
61830
96988
19864
21232
53124
75522
86969
65005
6980
7393
50542
6878
66548
66303
91554
88772
56241
80032
93033
84905
61015
19520
94967
21175
9170
66513
7521
42990
36
71481
60292
87699
82514
45909
38584
50823
36389
10303
29193
30076
37524
26454
22436
18581
18361
17797
21437
17511
19681
51498
15281
67520
75723
73850
54303
3990
88168
18774
87907
59970
62124
80769
5579
93658
20798
10930
13529
38184
22541
87748
90514
39838
26391
54538
26589
92220
24494
49928
54234
59714
10771
20785
94859
22682
31329
4392
80943
7913
37570
3346
63851
34736
65534
9469
16277
92179
76906
59000
90617
49857
9263
12199
80150
32546
61672
14165
42438
61818
6602
76659
19852
57568
29657
74309
33012
33922
80511
8631
19856
49111
671
34791
25137
86656
19846
40468
68122
52060
68971
79319
42641
75732
15939
2979
75650
78904
20851
94720
22797
78126
54190
62756
28624
57453
33130
74149
65512
80464
35845
77033
45765
83765
14050
39827
98321
73127
59773
63264
55215
172
82858
54449
8929
98951
67246
68364
23496
51896
54778
48436
60027
64618
72602
37779
37261
56357
35790
70834
30383
67373
18314
82209
33600
17199
11886
42100
52991
44698
88487
27064
58834
45488
41131
63664
19828
40861
38595
11885
64529
52069
76260
1370
17375
31459
93616
25030
55815
37243
83552
9939
41303
1469
70394
63715
88273
51113
63174
19611
89722
84990
78801
93353
69069
81065
34934
63240
83401
78365
78425
39964
83269
33131
55173
77724
82649
74260
26083
83158
92588
13434
95015
52154
93501
78763
19440
53691
79446
47690
43547
1001
58448
30481
42926
26974
78158
63199
70606
24224
97968
89533
50598
50396
56023
89949
93538
34107
62909
26314
60819
56556
82321
75202
86890
85533
45340
50964
6637
85851
31325
29907
46041
67725
95312
19157
14743
57710
41844
7638
59649
60445
53813
93660
91541
54484
29430
76330
62132
27018
89542
24336
2356
98456
41261
21700
50784
6532
42516
10230
40278
55197
9171
22769
94357
14866
97844
3050
86155
57467
62175
48960
17905
6875
46285
62595
55961
40348
79001
87735
76843
27357
59270
64306
63585
94771
18819
11893
52113
8359
75637
38370
93328
10240
39199
47751
16227
83723
46410
54938
5283
62204
94945
95546
49347
18914
10432
39292
20336
50920
65279
72022
46028
17955
99338
72164
32586
86391
26242
23214
90657
68689
38910
37836
85632
89701
64851
7565
75260
11152
2891
32636
44289
51754
21410
88564
52315
17179
28766
85031
98562
97658
43127
41626
65666
49265
89747
39354
5286
32489
27445
37118
11586
81201
90836
89614
84821
76169
99407
46727
94536
32343
68563
18123
46653
56340
3242
42911
20282
56482
94036
58530
68385
14176
40955
31261
19313
33129
34235
95314
53814
4313
33391
50186
31439
85127
53905
89114
47945
75151
11498
57568
65879
16507
9810
15660
15577
29586
33141
49497
15095
47430
89597
58757
91550
47293
65400
14741
24627
1889
65604
27514
53897
55790
11355
3623
11690
26163
69060
77034
81438
51426
99525
69626
46584
34505
80836
13450
10935
98923
74754
80170
95657
38151
1254
45591
91809
26315
24780
84772
1754
72714
4347
12249
92188
21819
8241
69849
19682
79490
3364
20262
59108
91989
41484
25412
91719
52070
72564
30155
42627
90389
11782
67565
22277
36750
43523
75221
34408
9179
61641
82623
46792
81991
85932
37356
34175
46698
70629
46092
69110
40552
54634
35222
76926
84802
47968
88056
8284
72711
63664
77343
8868
46905
4792
99428
37138
94696
33190
69959
36854
26380
27226
7529
85193
79647
18587
97605
2713
9098
97852
61031
93324
93998
45403
965
25420
17775
29454
213
65244
46977
78220
4102
75805
63958
1186
57014
85315
47305
85826
80749
12157
23966
23156
91833
93664
556
72293
96995
32868
8349
46153
40436
88554
43266
47838
66959
55829
67028
81656
73000
41205
64428
70123
71149
46151
2691
72502
98426
20599
83010
43567
44520
57500
82666
2534
9614
18352
74952
47854
45247
51311
10157
96167
30196
48359
44206
34980
42032
88294
73316
43320
25631
15362
16071
37662
25027
49117
16758
61725
27338
93041
5835
3567
91186
79116
880
83888
7387
57252
88160
8641
75849
81457
9371
50923
10378
32131
26933
35986
81151
38934
55100
65476
43922
4985
49255
73339
70181
33553
90781
35863
22948
75361
23311
90150
6110
9366
17300
71779
1340
96238
39649
21900
52986
43311
41669
44194
37621
97438
73326
60143
55903
98839
80442
83694
70697
92489
12942
2976
10448
13072
57094
58354
36112
26700
89460
52101
16977
60592
9292
34485
48116
7361
70607
92480
19362
46551
72817
52017
49095
99756
27590
96593
87815
93116
16025
17366
52832
56892
70624
47678
38253
91385
90686
67030
19249
12744
12074
29836
78774
95881
70828
84872
92822
46313
10334
34196
29664
81465
74933
51451
86453
25337
99525
82635
55514
89805
93761
36898
14814
84403
85028
56647
19297
54116
50762
62844
50185
34003
79710
39475
26696
83046
62670
86794
15919
48281
50897
68664
43014
50465
45832
35230
83057
27307
8329
81174
45206
77270
6177
51576
35125
56552
42657
11533
20908
71070
97598
65777
62042
70102
83590
10461
27970
18446
53179
49716
76073
25809
69275
1752
37459
60241
16519
16384
24869
70883
93823
9485
5043
27784
16952
63115
60263
37150
55848
66423
27195
31665
74093
7804
48493
33740
68836
42995
14839
48317
53054
94784
47997
195
23007
26193
20893
9892
2492
79737
11735
65356
5035
26128
12699
96510
14767
41176
56410
90494
59141
58245
28025
30421
60420
35782
86376
34978
75508
96166
79920
14207
68644
69141
62609
54393
40946
26423
82245
34645
97985
5124
21567
49735
7408
5154
45116
43180
67465
84235
63802
38255
66314
71342
29841
24886
81774
34697
20856
7955
93263
4983
71767
52876
95376
21544
47992
8291
96501
27885
68950
22462
53657
72853
68571
10932
81483
37028
48091
67256
92855
112
56191
40946
14924
60540
71950
87240
51310
71496
91672
39757
81240
11835
79851
65417
6780
57680
95176
67791
28288
25818
12571
44539
96452
60229
344
52038
85278
86591
65035
15412
72991
30375
35294
1099
63378
59383
38477
86316
90736
53353
16580
30231
11906
836
65581
11530
31644
10088
42272
3777
81612
73463
83993
76709
4727
8107
28195
25282
3407
5167
10249
88222
7421
52062
48330
2135
9692
92675
23467
88033
91207
75101
83647
58266
31159
85071
39174
92836
84726
78363
95561
78554
86205
34138
56592
26234
34208
24174
34738
72444
47299
76008
30953
5981
71555
84333
48626
62349
1408
36870
78870
80432
25937
68116
93432
82160
43914
77064
86217
65024
53455
45340
84231
25613
82483
45381
87732
70848
16120
54502
75782
22993
23874
88718
75844
67197
42303
25093
38330
13767
63314
75603
99315
16612
65220
92363
45303
83662
93856
34035
3615
47777
35710
39570
42940
61756
28663
75542
53538
21512
29279
61134
31104
35881
43810
33179
26423
11453
55060
30494
31120
44521
68867
25698
17933
70552
40157
61852
34076
84552
6842
5970
58074
54046
44972
60947
40303
47335
28158
36279
44162
74757
74245
14664
89328
3791
73538
97471
52684
31549
88468
37480
69585
40863
34475
45622
61318
30537
96703
34561
44322
75583
35916
11647
10045
93441
70860
31156
5157
10779
45730
74540
50491
37874
37484
48007
26588
34091
80837
84335
62000
25890
73772
26147
79487
32979
72005
98718
79329
96944
24550
49221
94562
93092
26157
69940
12578
80259
72823
19778
99963
57785
62144
69145
53928
50312
33580
86920
82592
12735
67804
73674
69988
82033
53093
45144
56775
70767
15405
34698
12338
91736
55260
44659
69606
58194
11766
86215
1687
81768
3359
68828
3366
87418
32054
9426
13707
58269
45407
69480
46807
77917
40536
45201
96635
11245
18979
89389
67749
96961
90558
35885
60970
94793
46959
30594
45818
25257
59505
45643
64728
30809
52677
62519
50732
52024
6537
3590
62514
67852
94005
8068
58257
58044
23359
91252
21878
61257
24893
2760
28905
61458
49855
40800
8659
59263
2551
49815
23922
51236
7281
71049
3925
85584
24483
18251
72759
14636
25843
73202
16857
87469
54643
75003
56243
25459
23955
31351
7080
64384
98924
78502
98048
48770
13672
8586
16531
98616
94449
45081
62609
32318
64872
67283
70041
45216
31742
11946
89870
80932
4860
48069
17598
43454
49172
55659
27423
29354
76175
48002
26273
73661
59118
46492
29156
68869
92804
39649
45562
55383
65124
75378
68078
95586
1621
46351
93369
44727
59718
76110
80779
65178
97729
12377
45691
6437
90763
95110
18843
24897
84913
46309
21772
6466
3621
48031
67895
55407
28701
98513
94837
61886
58977
63920
98509
62981
9654
65297
68436
13595
61068
40371
75546
61490
24977
67353
54027
48722
28946
38783
63705
51653
98511
37860
53481
21457
88751
28702
60982
75501
75677
19035
87217
19026
27283
9880
74579
50743
79864
24461
88942
80476
44753
77111
61691
97645
93960
85150
83478
49978
6442
15905
29207
99893
91800
61776
4660
10420
39329
52561
77227
37165
17198
41310
52099
2615
12040
5671
89887
36352
7624
67654
66089
54564
13845
12918
94725
53598
65405
51684
91287
15279
45832
98509
62499
51930
36440
2589
66439
70270
38013
22092
73603
1850
51800
88702
31658
91883
15043
68971
79242
60426
6039
98907
26025
61438
93880
7181
41489
18850
15403
7331
88313
11620
55515
96468
60463
55541
55648
634
83016
33942
91528
56074
49199
76998
59765
64018
80317
79710
64883
97384
52469
55305
55659
37579
69113
58211
66405
85915
21947
16769
6921
96692
14898
98952
22417
83546
31173
25166
52893
56540
96523
25192
19966
58499
42516
12375
8870
72528
97364
45809
68141
83018
28369
93102
28301
35626
56986
88793
95617
10437
26040
78280
80537
33503
51499
13993
16860
5954
99259
91608
92462
20276
76632
45427
13818
43248
33007
32661
26144
6220
52867
28842
89029
97396
54770
8074
41704
635
12178
56607
82845
80153
64732
37966
77593
13830
54830
94773
97098
22715
36585
82869
6535
82450
92013
82513
47353
2016
3474
86018
15496
55976
94710
96944
96984
51195
25384
75347
23372
53256
63492
60290
80653
87897
85863
30146
80803
13274
9947
10405
48353
29566
14718
80562
104
5583
77231
52767
56732
49536
40862
30111
58561
84807
79074
48303
20212
97685
91066
92202
10144
11377
27350
71441
2356
50316
49051
54629
3776
3841
46982
3641
56973
27133
30449
23958
64237
41699
44270
25940
35627
65503
27082
29529
27448
9324
13423
78224
73347
46870
76523
23693
10511
71178
40937
51788
94259
17767
97876
87175
39980
91773
99394
77425
84453
65599
60650
61944
72203
86182
96035
21741
80255
27327
17057
58114
54315
47334
4335
96091
57940
97268
37217
2145
44499
72840
5665
26605
21625
89728
55333
17762
26912
3658
11952
4902
11718
38853
55348
79853
69386
17452
26167
33558
13985
39282
75716
92962
48166
31915
84478
163
52412
8802
41476
90925
38296
83835
52776
83500
35372
54094
51534
10148
35025
80036
4059
6371
32071
29666
26134
6498
10000
19293
13285
32134
44558
98583
56088
70459
23025
78711
54080
18135
61901
73370
62873
83586
12252
27540
5975
6341
15838
52185
51952
73958
75968
95166
85275
38234
31718
51848
62654
2789
45667
87909
5405
4743
90014
38697
70230
86902
56301
5827
58783
49004
53794
55188
3696
60757
18631
58236
46563
44588
68450
443
80545
8266
21511
41028
19504
55636
30875
33937
16066
30599
77247
98779
28676
42598
32919
50534
12352
33815
20533
13953
8724
3078
98040
68032
52701
50703
1279
4629
42083
8180
67826
77431
42451
88117
78005
28306
15452
51973
44002
99378
47845
43306
62169
44823
24606
33983
79713
84012
90470
98048
96030
46887
95380
12470
28983
41411
41685
28175
77666
46263
17991
30989
14609
22145
2814
63581
8767
58873
87531
70088
10042
75051
12953
54670
55892
65641
88032
2896
6024
12144
37659
61513
31950
76599
31945
47900
58800
7259
92453
82636
15835
42145
84629
4816
61987
73629
17163
37651
43749
72617
48420
97962
90086
46821
64217
55952
55987
93740
39553
38268
89940
45915
10168
9412
30204
27859
35054
65879
25300
72725
65405
43045
91907
97199
55890
30919
89636
90771
62037
57582
92939
51189
13217
77307
54870
68982
77521
71903
52594
63944
12443
59323
94544
54423
16013
94028
37208
63072
40616
93458
38783
49369
97547
18379
73570
6029
35237
85580
11421
38736
93394
66541
42026
37019
49692
99676
74998
76745
67312
8997
94489
73087
73778
1858
84149
26582
72585
38993
29401
36784
23174
59461
85561
33804
33482
57292
15208
30757
99644
53435
32357
5549
46717
33309
29868
62389
11850
37103
21329
5482
55272
7946
46066
83350
93599
58392
49945
4818
52182
95614
99919
77371
6097
80165
17138
50064
14288
17612
80714
84174
14967
70574
73013
43582
23216
36935
24096
85690
18537
42034
25381
51249
25494
63434
5329
56802
65359
42564
5191
62690
70092
8351
96886
51516
544
68305
49938
10395
7803
52391
59344
63702
69675
47535
5764
60268
1045
93083
7455
12190
63720
11888
50828
82216
97019
37906
91889
44751
89195
55178
49577
93493
96125
33084
8986
29516
14528
26663
17566
95929
29106
67209
33860
21506
87813
80143
13169
21464
16296
55390
7241
66543
30817
29898
26078
31860
16895
36168
31718
49015
37047
42108
46894
80691
27494
10824
13985
9824
23411
22534
52446
43780
9563
76066
14941
82526
43775
56272
31152
3497
77603
71179
32386
97315
90948
88444
78855
94090
51627
69162
95736
94174
30416
46640
54843
97268
79424
66145
46842
74927
93120
34788
30620
9595
84212
95984
34138
23793
36873
58645
48944
14663
26265
35115
60181
26666
74297
18742
95940
38643
80983
55024
84425
60453
35067
65
38338
2238
34017
4742
67529
74036
69727
43093
75867
45706
42714
99534
81172
12105
75797
32532
57134
68951
13316
77325
98745
33762
2579
65612
865
67686
66274
84630
16199
91171
14331
17563
94949
26526
99770
22958
54934
545
32279
39631
55385
226
25988
92827
72147
66265
33008
32259
24443
94236
70465
49061
35573
10123
87319
71838
16022
93692
14766
28838
44657
70898
65621
44167
54003
11140
43184
23055
87995
32434
63829
19883
4959
83522
11368
79281
10044
8274
52347
81577
86194
37519
96970
94630
47182
84431
35711
69383
65197
10440
3353
25052
18056
2890
97701
83699
11631
50886
93442
60153
1993
78791
4762
6704
24152
70464
39170
57147
52081
51933
29317
16674
78564
64075
91904
94309
40857
8745
75756
41397
14988
6566
7351
29733
70011
8116
41208
11664
51038
43997
78280
31105
68937
16398
59255
12953
44780
98214
89640
25637
85624
8087
77247
61489
21913
94384
36169
68730
88258
41342
13814
12426
25880
12734
2256
23326
98417
58479
27369
53827
78819
34606
75958
82422
74092
86451
21414
9783
66809
68749
33710
90617
98180
50692
97753
11451
2865
50715
10723
19351
89917
67786
10552
40286
6474
57602
65863
22889
35845
56675
37678
13266
26007
5978
62417
80381
27297
20119
25347
65410
15961
86140
20838
72938
45147
1374
86110
29384
15902
21282
1973
95207
79599
67048
97225
74630
82421
33641
62137
21679
64942
30401
80573
81139
88434
24032
45886
37513
1449
32478
43430
20563
32293
76921
88312
91890
84978
37381
7216
57313
64772
73729
84121
44905
62371
80886
52524
24778
24320
69434
70844
31258
6966
11711
40195
31458
70064
46192
96178
18699
88255
76100
31187
20951
77112
27278
49690
85176
35879
10393
30656
12667
68799
58397
98149
59197
63173
84790
92245
79100
46121
66554
37366
16356
51287
44961
12782
15565
41476
14987
3470
42811
78605
51058
72352
65660
29842
43874
81980
23025
91206
68650
31590
12636
6776
9743
28570
22290
44380
25315
76052
95451
87790
45204
39336
81343
17434
15523
65475
72334
29213
32324
72506
12670
50562
12599
20880
69088
60643
4286
26958
35439
17076
80696
34633
27210
3100
87017
48541
86380
46910
63612
29177
84965
83997
16843
62213
92484
15163
29262
4231
27459
61625
99374
93728
91589
18595
82385
19961
87954
83821
5371
29121
54589
93934
74613
43583
41543
57731
37814
63977
85896
25221
28297
99260
60500
28955
95734
852
13606
41777
96682
89584
40950
96630
59473
33063
22607
34126
35163
77603
18408
92006
90749
23985
98229
66445
93463
93124
44922
56285
45741
91922
8980
75946
85830
54787
8675
36275
42263
27458
56068
13887
49931
55452
61133
14955
99190
4745
87454
54960
48479
82898
78745
17944
32030
6968
66526
65609
7844
96695
61781
62255
38101
33563
65175
62029
77810
97548
16479
43112
73305
25622
42365
16387
11487
67458
66006
38144
83832
60648
29744
63709
63986
35786
19751
32714
9538
90843
45561
53314
70134
60842
70227
77391
8447
67088
31269
15821
14807
69052
75970
28171
6928
35035
26041
13328
85240
41509
66757
60174
47690
82070
95251
40909
48804
68007
68925
2842
35951
9302
38479
8719
78453
82071
78363
98832
70370
56277
95727
80606
93133
14002
72973
51628
18397
84504
77354
95734
43593
68247
78954
60077
42408
11976
81865
67523
78869
63532
37746
84207
90517
42009
58351
56840
68213
61316
40022
10824
30849
87492
67101
73715
57329
66554
31716
78947
9100
32435
96364
43772
29172
45922
10856
2394
14192
84331
92047
7348
7487
80945
72681
9061
32789
44740
54289
92020
42321
13579
76072
22942
82381
88278
93236
49249
75817
26681
80067
78205
23463
3644
23261
89408
80558
58925
20491
49285
69283
95479
22930
18787
37629
92536
62389
47421
46036
88897
96308
86745
60019
71748
62372
87138
83415
2593
29245
60702
53627
57334
37134
31420
69605
27837
86919
76690
77236
16741
128
42598
10823
5629
74176
49546
65141
67835
43374
23821
47510
10946
91483
69536
92807
5671
12440
24655
16332
35217
85398
35723
77650
8462
46691
31709
18091
35963
84387
67332
50954
28763
75656
54610
19842
80623
21741
3763
22617
89622
5947
32940
35378
54085
32641
1451
96922
69546
22490
20509
82668
24491
28914
94847
64604
23848
59443
36079
82170
95141
60987
17579
75001
66334
37694
39585
96051
63988
87518
74091
66787
30807
11290
98503
64923
16140
70605
51488
37921
11527
16604
98122
59941
34443
78846
54373
72682
33157
23018
41362
85030
47949
50355
68702
54104
72172
83497
48490
95451
87278
15642
65156
24114
23508
58387
5913
95623
24014
99875
23650
61550
16635
56238
87396
94991
39838
22111
43787
52178
19615
89662
41900
26374
91159
9815
52122
43819
34488
73018
8880
81413
55281
30780
36691
60958
45367
15188
41573
46974
1687
34688
25999
78817
24794
79706
18801
49559
9595
59567
88608
61745
24968
63724
11681
90064
715
94257
96319
66972
17727
16427
6216
54080
77994
39199
18521
56889
86102
31788
86270
79366
78001
88811
74000
44884
28389
32273
59357
25406
80388
72951
98567
41687
86525
91544
98617
43111
13380
27729
35259
66736
30303
61505
57579
29019
83738
21816
31285
61263
31532
66961
81935
46175
42190
22471
76037
48794
14902
77167
85409
17141
58490
74057
29339
49562
56992
31037
32748
41559
62070
53568
59316
79397
47743
94603
44292
43531
40305
6757
1902
36206
82954
30397
16506
35167
430
40373
49929
82538
42442
54979
4903
42622
73680
22739
18099
69492
84833
48011
36010
61464
40526
18597
81348
72441
80840
21851
99580
44195
43014
93596
21957
21634
58621
62888
41147
46426
7018
89297
21640
80716
11728
7517
51903
17139
86156
39202
48822
8789
25173
14499
43903
76759
84189
55777
14427
82101
50519
56071
7746
16635
25749
66471
21955
44000
5652
60936
37099
61231
24718
59432
27504
5260
55706
72135
11267
87544
17291
58781
27239
23564
92668
4927
89913
28334
26620
56814
20799
47083
15397
25846
15516
99970
54385
98364
5598
15229
26606
67908
59477
81806
63648
20206
45035
52588
71945
96167
89637
94001
83566
64507
6496
92991
59276
34395
42517
55677
6863
11272
52640
73553
88512
48185
11789
60680
18008
70429
39021
86038
38900
28152
7702
68113
95589
96827
46497
52580
77350
16525
2045
84851
55566
62944
87269
40111
24474
51978
27029
52177
74085
6395
84959
8533
53419
80326
5953
74068
32740
42403
6405
50255
62304
60896
61664
23851
58675
14220
3748
10969
15663
30643
60262
90508
5221
65497
97694
88925
72530
64023
19955
71313
47431
42499
96
63671
73497
46293
96404
23424
43086
74764
8781
30692
28947
72660
61013
57843
46893
33310
50090
65811
18835
59428
55845
74183
88663
5861
53673
3177
24795
27423
12566
14239
54541
54135
63563
77495
98400
79298
23771
95180
98539
70860
75510
34802
74955
67225
80543
53108
99975
67924
85071
75284
14015
43385
37969
61244
370
29379
4687
77261
27121
64442
27089
92449
86395
24853
82059
60803
37693
28136
66860
88886
62453
60005
79768
34177
18814
92251
61020
41801
4041
12331
58155
35219
949
48718
13312
37791
48264
45509
76148
68465
31329
74981
32468
33747
61677
2290
18304
71378
69829
42032
71141
15094
60050
66515
8168
52096
32372
22047
33005
76951
33022
79972
40884
25462
24922
99126
73297
7063
22466
16875
18945
11877
89731
60248
33983
75257
29457
25720
99840
7515
35601
2725
12465
68115
44585
46864
70088
67698
73199
99760
78092
80793
97773
64184
95617
43209
51167
9716
60538
61720
84494
83873
27087
11562
145
87159
26931
5855
14484
84095
39389
60287
7418
6860
64153
26728
30996
53512
89250
83771
55012
15496
45232
91162
79196
68117
10809
47659
38186
27851
62531
77488
75883
29691
34306
33197
50607
27350
92263
85291
26571
13064
77841
58955
11175
78958
57237
70582
98540
29708
98546
64075
10369
22066
882
60923
28936
934
87884
72091
72964
90182
18664
42071
77230
87267
31824
73045
64252
64492
40795
64720
18408
23852
83303
6032
73627
51862
60418
16459
97153
36705
95986
74953
43244
72402
26745
10050
9385
85506
24752
9346
25767
59644
26285
57851
74592
1697